,Config,Filename,Model,Name,Species
0,"['pair_style eam/fs \n', 'pair_coeff * * Al-Mg.eam.fs Al Mg\n']",['NISTiprpy/2009--Mendelev-M-I--Al-Mg--LAMMPS--ipr1/Al-Mg.eam.fs'],EAM,Al_Mg_Mendelev_eam,"['Al', 'Mg']"
1,"['pair_style eam/alloy \n', 'pair_coeff * * Zope-Ti-Al-2003.eam.alloy Ti Al\n']",['NISTiprpy/2003--Zope-R-R--Ti-Al--LAMMPS--ipr1/Zope-Ti-Al-2003.eam.alloy'],EAM,Zope_Ti_Al_2003_eam,"['Ti', 'Al']"
2,"['pair_style eam/alloy \n', 'pair_coeff * * NiAlH_jea.eam.alloy Ni Al H\n']",['NISTiprpy/1995--Angelo-J-E--Ni-Al-H--LAMMPS--ipr1/NiAlH_jea.eam.alloy'],EAM,Al_H_Ni_Angelo_eam,"['Ni', 'Al', 'H']"
3,"['pair_style eam/fs \n', 'pair_coeff * * Fe-C_Hepburn_Ackland.eam.fs Fe C\n']",['NISTiprpy/2008--Hepburn-D-J--Fe-C--LAMMPS--ipr1/Fe-C_Hepburn_Ackland.eam.fs'],EAM,Fe_C_Hepburn_Ackland_eam,"['Fe', 'C']"
4,"['pair_style eam/fs \n', 'pair_coeff * * Mg1.eam.fs Mg\n']",['NISTiprpy/2016--Wilson-S-R--Mg--LAMMPS--ipr1/Mg1.eam.fs'],EAM,Mg_Mendelev_eam,['Mg']
5,"['pair_style eam/fs \n', 'pair_coeff * * Na_MendelevM_2014.eam.fs Na\n']",['NISTiprpy/2015--Wilson-S-R--Na--LAMMPS--ipr1/Na_MendelevM_2014.eam.fs'],EAM,Na_Mendelev_eam,['Na']
6,"['pair_style eam/fs \n', 'pair_coeff * * Mendelev_Cu2_2012.eam.fs Cu\n']",['NISTiprpy/2012--Mendelev-M-I--Cu--LAMMPS--ipr1/Mendelev_Cu2_2012.eam.fs'],EAM,Cu_Mendelev_eam,['Cu']
7,"['# @potential_species H_O  ### species in potential\n', '# W.L. Jorgensen et.al., The Journal of Chemical Physics 79, 926 (1983); https://doi.org/10.1063/1.445869\n', '#\n', '\n', 'units      real\n', 'dimension  3\n', 'atom_style full\n', '\n', '# create groups ###\n', 'group O type 2\n', 'group H type 1\n', '\n', '## set charges - beside manually ###\n', 'set group O charge -0.830\n', 'set group H charge 0.415\n', '\n', '### TIP3P Potential Parameters ###\n', 'pair_style lj/cut/coul/long 10.0\n', 'pair_coeff * * 0.0 0.0 \n', 'pair_coeff 2 2 0.102 3.188 \n', 'bond_style  harmonic\n', 'bond_coeff  1 450 0.9572\n', 'angle_style harmonic\n', 'angle_coeff 1 55 104.52\n', 'kspace_style pppm 1.0e-5\n', '\n']",['water_potentials/H2_O_tip3p.lmp'],TIP3P,H2O_tip3p,"['H', 'O']"
8,"['# @potential_species H_O  ### species in potential\n', '# W.L. Jorgensen, The Journal of Chemical Physics 79, 926 (1983); https://doi.org/10.1063/1.445869 \n', '#\n', '\n', 'units      real\n', 'dimension  3\n', 'atom_style full\n', '\n', '# create groups ###\n', 'group O type 2\n', 'group H type 1\n', '\n', '## set charges - beside manually ###\n', 'set group O charge -0.830\n', 'set group H charge 0.415\n', '\n', '### TIP3P Potential Parameters ###\n', 'pair_style lj/cut/coul/long 10.0\n', 'pair_coeff * * 0.000 0.000 \n', 'pair_coeff 2 2 0.102 3.188 \n', 'bond_style  harmonic\n', 'bond_coeff  1 450 0.9572\n', 'angle_style harmonic\n', 'angle_coeff 1 55 104.52\n', 'kspace_style pppm 1.0e-5   # final npt relaxation\n', 'kspace_modify slab 3.0\n', '\n', '\n']",['water_potentials/H2_O_tip3p_slab.lmp'],TIP3P,H2O_tip3p_slab,"['H', 'O']"
9,"['pair_style eam/alloy \n', 'pair_coeff * * Fe-C-Bec07.eam Fe C\n']",['becquart_potential/Fe-C-Bec07.eam'],EAM,Fe_C_Becquart_eam,"['Fe', 'C']"
10,"['pair_style eam/alloy\n', 'pair_coeff * * CuAgAu_Zhou04.eam.alloy Cu Ag Au\n']",['NISTiprpy/2004--Zhou-X-W--Cu-Ag-Au--LAMMPS--ipr2/CuAgAu_Zhou04.eam.alloy'],NISTiprpy,2004--Zhou-X-W--Cu-Ag-Au--LAMMPS--ipr2,"['Cu', 'Ag', 'Au']"
11,"['pair_style eam/alloy\n', 'pair_coeff * * Ta1_Ravelo_2013.eam.alloy Ta\n']",['NISTiprpy/2013--Ravelo-R--Ta-1--LAMMPS--ipr1/Ta1_Ravelo_2013.eam.alloy'],NISTiprpy,2013--Ravelo-R--Ta-1--LAMMPS--ipr1,['Ta']
12,"['pair_style eam/fs\n', 'pair_coeff * * K_v2.eam.fs K\n']",['NISTiprpy/2016--Nichol-A--K--LAMMPS--ipr2/K_v2.eam.fs'],NISTiprpy,2016--Nichol-A--K--LAMMPS--ipr2,['K']
13,"['pair_style meam/c\n', 'pair_coeff * * MgAlZn.library.meam Mg Al MgAlZn.parameter.meam Mg Al Zn\n']","['NISTiprpy/2018--Dickel-D-E--Mg-Al-Zn--LAMMPS--ipr1/MgAlZn.parameter.meam', 'NISTiprpy/2018--Dickel-D-E--Mg-Al-Zn--LAMMPS--ipr1/MgAlZn.library.meam']",NISTiprpy,2018--Dickel-D-E--Mg-Al-Zn--LAMMPS--ipr1,"['Mg', 'Al', 'Zn']"
14,"['pair_style eam/alloy\n', 'pair_coeff * * Co_PurjaPun_2012.eam.alloy Co\n']",['NISTiprpy/2012--Purja-Pun-G-P--Co--LAMMPS--ipr1/Co_PurjaPun_2012.eam.alloy'],NISTiprpy,2012--Purja-Pun-G-P--Co--LAMMPS--ipr1,['Co']
15,"['pair_style eam/fs\n', 'pair_coeff * * Na_MendelevM_2014.eam.fs Na\n']",['NISTiprpy/2015--Wilson-S-R--Na--LAMMPS--ipr1/Na_MendelevM_2014.eam.fs'],NISTiprpy,2015--Wilson-S-R--Na--LAMMPS--ipr1,['Na']
16,"['pair_style eam/fs\n', 'pair_coeff * * Cs_v2.eam.fs Cs\n']",['NISTiprpy/2016--Nichol-A--Cs--LAMMPS--ipr2/Cs_v2.eam.fs'],NISTiprpy,2016--Nichol-A--Cs--LAMMPS--ipr2,['Cs']
17,"['pair_style eam/fs\n', 'pair_coeff * * Mg.eam.fs Mg\n']",['NISTiprpy/2006--Sun-D-Y--Mg--LAMMPS--ipr1/Mg.eam.fs'],NISTiprpy,2006--Sun-D-Y--Mg--LAMMPS--ipr1,['Mg']
18,"['pair_style meam/c\n', 'pair_coeff * * library.meam Ni Ti NiTi.meam Ni Ti\n']","['NISTiprpy/2015--Ko-W-S--Ni-Ti--LAMMPS--ipr1/library.meam', 'NISTiprpy/2015--Ko-W-S--Ni-Ti--LAMMPS--ipr1/NiTi.meam']",NISTiprpy,2015--Ko-W-S--Ni-Ti--LAMMPS--ipr1,"['Ni', 'Ti']"
19,"['pair_style eam\n', 'pair_coeff 1 1 niu6.txt\n']",['NISTiprpy/1989--Adams-J-B--Ni--LAMMPS--ipr1/niu6.txt'],NISTiprpy,1989--Adams-J-B--Ni--LAMMPS--ipr1,['Ni']
20,"['pair_style eam/alloy\n', 'pair_coeff * * Mo.AT1.fs Mo\n']",['NISTiprpy/1987--Ackland-G-J--Mo--LAMMPS--ipr1/Mo.AT1.fs'],NISTiprpy,1987--Ackland-G-J--Mo--LAMMPS--ipr1,['Mo']
21,"['pair_style eam/fs\n', 'pair_coeff * * Zr_3.eam.fs Zr\n']",['NISTiprpy/2007--Mendelev-M-I--Zr-3--LAMMPS--ipr1/Zr_3.eam.fs'],NISTiprpy,2007--Mendelev-M-I--Zr-3--LAMMPS--ipr1,['Zr']
22,"['pair_style eam/fs\n', 'pair_coeff * * Zr_2.eam.fs Zr\n']",['NISTiprpy/2007--Mendelev-M-I--Zr-2--LAMMPS--ipr2/Zr_2.eam.fs'],NISTiprpy,2007--Mendelev-M-I--Zr-2--LAMMPS--ipr2,['Zr']
23,"['pair_style eam/alloy\n', 'pair_coeff * * Ni99.eam.alloy Ni\n']",['NISTiprpy/1999--Mishin-Y--Ni--LAMMPS--ipr1/Ni99.eam.alloy'],NISTiprpy,1999--Mishin-Y--Ni--LAMMPS--ipr1,['Ni']
24,"['pair_style eam\n', 'pair_coeff 1 1 Cu_smf7.eam\n', 'pair_coeff 2 2 NISTiprpy/Ni_smf7.eam\n']","['NISTiprpy/1985--Foiles-S-M--Ni-Cu--LAMMPS--ipr1/Ni_smf7.eam', 'NISTiprpy/1985--Foiles-S-M--Ni-Cu--LAMMPS--ipr1/Cu_smf7.eam']",NISTiprpy,1985--Foiles-S-M--Ni-Cu--LAMMPS--ipr1,"['Cu', 'Ni']"
25,"['pair_style eam/alloy\n', 'pair_coeff * * FeCuNi.eam.alloy Fe Cu Ni\n']",['NISTiprpy/2009--Bonny-G--Fe-Cu-Ni--LAMMPS--ipr1/FeCuNi.eam.alloy'],NISTiprpy,2009--Bonny-G--Fe-Cu-Ni--LAMMPS--ipr1,"['Fe', 'Cu', 'Ni']"
26,"['pair_style eam/alloy\n', 'pair_coeff * * U_Mo_Xe.2013.eam.alloy U Mo Xe\n']",['NISTiprpy/2013--Smirnova-D-E--U-Mo-Xe--LAMMPS--ipr1/U_Mo_Xe.2013.eam.alloy'],NISTiprpy,2013--Smirnova-D-E--U-Mo-Xe--LAMMPS--ipr1,"['U', 'Mo', 'Xe']"
27,"['pair_style eam/fs\n', 'pair_coeff * * V-Fe.eam.fs V Fe\n']",['NISTiprpy/2007--Mendelev-M-I--V-Fe--LAMMPS--ipr1/V-Fe.eam.fs'],NISTiprpy,2007--Mendelev-M-I--V-Fe--LAMMPS--ipr1,"['V', 'Fe']"
28,"['pair_style hybrid/overlay zbl 4 4.8 snap\n', 'pair_coeff * * zbl 73 73\n', 'pair_coeff * * snap Ta06A.snapcoeff Ta Ta06A.snapparam Ta\n']","['NISTiprpy/2015--Thompson-A-P--Ta--LAMMPS--ipr1/Ta06A.snapparam', 'NISTiprpy/2015--Thompson-A-P--Ta--LAMMPS--ipr1/Ta06A.snapcoeff']",NISTiprpy,2015--Thompson-A-P--Ta--LAMMPS--ipr1,['Ta']
29,"['pair_style eam/alloy\n', 'pair_coeff * * newPP1_47-setfl.eam.alloy Ta\n']",['NISTiprpy/2003--Li-Y-H--Ta--LAMMPS--ipr1/newPP1_47-setfl.eam.alloy'],NISTiprpy,2003--Li-Y-H--Ta--LAMMPS--ipr1,['Ta']
30,"['pair_style eam/fs\n', 'pair_coeff * * Li_v2.eam.fs Li\n']",['NISTiprpy/2016--Nichol-A--Li--LAMMPS--ipr2/Li_v2.eam.fs'],NISTiprpy,2016--Nichol-A--Li--LAMMPS--ipr2,['Li']
31,"['pair_style eam/fs\n', 'pair_coeff * * Ti.eam.fs Ti\n']",['NISTiprpy/1992--Ackland-G-J--Ti--LAMMPS--ipr1/Ti.eam.fs'],NISTiprpy,1992--Ackland-G-J--Ti--LAMMPS--ipr1,['Ti']
32,"['pair_style eam/alloy\n', 'pair_coeff * * Be_Agrawal.eam.alloy Be\n']",['NISTiprpy/2013--Agrawal-A--Be--LAMMPS--ipr1/Be_Agrawal.eam.alloy'],NISTiprpy,2013--Agrawal-A--Be--LAMMPS--ipr1,['Be']
33,"['pair_style eam/alloy\n', 'pair_coeff * * PdAgH_HybridPd3Ag.eam.alloy Pd Ag H\n']",['NISTiprpy/2013--Hale-L-M--Pd-Ag-H-Hybrid--LAMMPS--ipr1/PdAgH_HybridPd3Ag.eam.alloy'],NISTiprpy,2013--Hale-L-M--Pd-Ag-H-Hybrid--LAMMPS--ipr1,"['Pd', 'Ag', 'H']"
34,"['pair_style eam/alloy\n', 'pair_coeff * * alpb-setfl.eam.alloy Al Pb\n']",['NISTiprpy/2000--Landa-A--Al-Pb--LAMMPS--ipr1/alpb-setfl.eam.alloy'],NISTiprpy,2000--Landa-A--Al-Pb--LAMMPS--ipr1,"['Al', 'Pb']"
35,"['pair_style eam/fs\n', 'pair_coeff * * Fe_2.eam Fe\n']",['NISTiprpy/2003--Mendelev-M-I--Fe-2--LAMMPS--ipr2/Fe_2.eam'],NISTiprpy,2003--Mendelev-M-I--Fe-2--LAMMPS--ipr2,['Fe']
36,"['pair_style tersoff/zbl\n', 'pair_coeff * * FeC_Henriksson_2013.tersoff.zbl Fe C\n']",['NISTiprpy/2013--Henriksson-K-O-E--Fe-C--LAMMPS--ipr1/FeC_Henriksson_2013.tersoff.zbl'],NISTiprpy,2013--Henriksson-K-O-E--Fe-C--LAMMPS--ipr1,"['Fe', 'C']"
37,"['pair_style eam/alloy\n', 'pair_coeff * * Mishin-Ni-Co-2013.eam.alloy Ni Co\n']",['NISTiprpy/2015--Purja-Pun-G-P--Ni-Co--LAMMPS--ipr1/Mishin-Ni-Co-2013.eam.alloy'],NISTiprpy,2015--Purja-Pun-G-P--Ni-Co--LAMMPS--ipr1,"['Ni', 'Co']"
38,"['pair_style tersoff/zbl\n', 'pair_coeff * * Be-O.tersoff.zbl Be O\n']",['NISTiprpy/2018--Byggmastar-J--Be-O--LAMMPS--ipr1/Be-O.tersoff.zbl'],NISTiprpy,2018--Byggmastar-J--Be-O--LAMMPS--ipr1,"['Be', 'O']"
39,"['pair_style eam/alloy\n', 'pair_coeff * * Pt_Zhou04.eam.alloy Pt\n']",['NISTiprpy/2004--Zhou-X-W--Pt--LAMMPS--ipr2/Pt_Zhou04.eam.alloy'],NISTiprpy,2004--Zhou-X-W--Pt--LAMMPS--ipr2,['Pt']
40,"['pair_style eam/alloy\n', 'pair_coeff * * Pt.set Pt\n']",['NISTiprpy/2004--Zhou-X-W--Pt--LAMMPS--ipr1/Pt.set'],NISTiprpy,2004--Zhou-X-W--Pt--LAMMPS--ipr1,['Pt']
41,"['pair_style eam/alloy\n', 'pair_coeff * * FeW.eam.alloy Fe W\n']",['NISTiprpy/2013--Bonny-G--Fe-W--LAMMPS--ipr1/FeW.eam.alloy'],NISTiprpy,2013--Bonny-G--Fe-W--LAMMPS--ipr1,"['Fe', 'W']"
42,"['pair_style eam/alloy\n', 'pair_coeff * * W_Zhou04.eam.alloy W\n']",['NISTiprpy/2004--Zhou-X-W--W--LAMMPS--ipr2/W_Zhou04.eam.alloy'],NISTiprpy,2004--Zhou-X-W--W--LAMMPS--ipr2,['W']
43,"['pair_style eam/alloy\n', 'pair_coeff * * w_eam3.fs W\n']",['NISTiprpy/2013--Marinica-M-C--W-3--LAMMPS--ipr1/w_eam3.fs'],NISTiprpy,2013--Marinica-M-C--W-3--LAMMPS--ipr1,['W']
44,"['pair_style eam/alloy\n', 'pair_coeff * * Al_Zhou04.eam.alloy Al\n']",['NISTiprpy/2004--Zhou-X-W--Al--LAMMPS--ipr2/Al_Zhou04.eam.alloy'],NISTiprpy,2004--Zhou-X-W--Al--LAMMPS--ipr2,['Al']
45,"['pair_style meam/c\n', 'pair_coeff * * library.meam V Ni Ti VNiTi.meam V Ni Ti\n']","['NISTiprpy/2017--Maisel-S-B--V-Ni-Ti--LAMMPS--ipr1/VNiTi.meam', 'NISTiprpy/2017--Maisel-S-B--V-Ni-Ti--LAMMPS--ipr1/library.meam']",NISTiprpy,2017--Maisel-S-B--V-Ni-Ti--LAMMPS--ipr1,"['V', 'Ni', 'Ti']"
46,"['pair_style eam/fs\n', 'pair_coeff * * Cu2.eam.fs Cu\n']",['NISTiprpy/1990--Ackland-G-J--Cu--LAMMPS--ipr1/Cu2.eam.fs'],NISTiprpy,1990--Ackland-G-J--Cu--LAMMPS--ipr1,['Cu']
47,"['pair_style eam/fs\n', 'pair_coeff * * Cu.eam.fs Cu\n']",['NISTiprpy/1987--Ackland-G-J--Cu--LAMMPS--ipr1/Cu.eam.fs'],NISTiprpy,1987--Ackland-G-J--Cu--LAMMPS--ipr1,['Cu']
48,"['pair_style eam/alloy\n', 'pair_coeff * * Zr_Zhou04.eam.alloy Zr\n']",['NISTiprpy/2004--Zhou-X-W--Zr--LAMMPS--ipr2/Zr_Zhou04.eam.alloy'],NISTiprpy,2004--Zhou-X-W--Zr--LAMMPS--ipr2,['Zr']
49,"['pair_style meam/c\n', 'pair_coeff * * library_AgTaO3.meam Ag Ta O AgTaO3.meam Ag Ta O\n']","['NISTiprpy/2013--Gao-H--AgTaO3--LAMMPS--ipr1/library_AgTaO3.meam', 'NISTiprpy/2013--Gao-H--AgTaO3--LAMMPS--ipr1/AgTaO3.meam']",NISTiprpy,2013--Gao-H--AgTaO3--LAMMPS--ipr1,"['Ag', 'Ta', 'O']"
50,"['pair_style eam/fs\n', 'pair_coeff * * Fe-C_Hepburn_Ackland.eam.fs Fe C\n']",['NISTiprpy/2008--Hepburn-D-J--Fe-C--LAMMPS--ipr1/Fe-C_Hepburn_Ackland.eam.fs'],NISTiprpy,2008--Hepburn-D-J--Fe-C--LAMMPS--ipr1,"['Fe', 'C']"
51,"['pair_style eam/alloy\n', 'pair_coeff * * Al03.eam.alloy Al\n']",['NISTiprpy/2003--Zope-R-R--Al--LAMMPS--ipr1/Al03.eam.alloy'],NISTiprpy,2003--Zope-R-R--Al--LAMMPS--ipr1,['Al']
52,"['pair_style eam/alloy\n', 'pair_coeff * * Pd.set Pd\n']",['NISTiprpy/2004--Zhou-X-W--Pd--LAMMPS--ipr1/Pd.set'],NISTiprpy,2004--Zhou-X-W--Pd--LAMMPS--ipr1,['Pd']
53,"['pair_style eam/fs\n', 'pair_coeff * * Ni_Zhou04.eam.alloy Ni\n']",['NISTiprpy/2004--Zhou-X-W--Ni--LAMMPS--ipr2/Ni_Zhou04.eam.alloy'],NISTiprpy,2004--Zhou-X-W--Ni--LAMMPS--ipr2,['Ni']
54,"['pair_style meam/c\n', 'pair_coeff * * library.Cu.meam Cu Cu.meam Cu\n']","['NISTiprpy/2015--Asadi-E--Cu--LAMMPS--ipr1/library.Cu.meam', 'NISTiprpy/2015--Asadi-E--Cu--LAMMPS--ipr1/Cu.meam']",NISTiprpy,2015--Asadi-E--Cu--LAMMPS--ipr1,['Cu']
55,"['pair_style eam/fs\n', 'pair_coeff * * Cs.eam.fs Cs\n']",['NISTiprpy/2016--Nichol-A--Cs--LAMMPS--ipr1/Cs.eam.fs'],NISTiprpy,2016--Nichol-A--Cs--LAMMPS--ipr1,['Cs']
56,"['pair_style eam/fs\n', 'pair_coeff * * Zr.eam.fs Zr\n']",['NISTiprpy/1995--Ackland-G-J--Zr--LAMMPS--ipr1/Zr.eam.fs'],NISTiprpy,1995--Ackland-G-J--Zr--LAMMPS--ipr1,['Zr']
57,"['pair_style eam/fs\n', 'pair_coeff * * Al90Sm10_MendelevM_2014.eam.fs Al Sm\n']",['NISTiprpy/2015--Mendelev-M-I--Al-Sm--LAMMPS--ipr1/Al90Sm10_MendelevM_2014.eam.fs'],NISTiprpy,2015--Mendelev-M-I--Al-Sm--LAMMPS--ipr1,"['Al', 'Sm']"
58,"['pair_style meam/c\n', 'pair_coeff * * library.Ni.meam Ni Ni.meam Ni\n']","['NISTiprpy/2018--Etesami-S-A--Ni--LAMMPS--ipr1/library.Ni.meam', 'NISTiprpy/2018--Etesami-S-A--Ni--LAMMPS--ipr1/Ni.meam']",NISTiprpy,2018--Etesami-S-A--Ni--LAMMPS--ipr1,['Ni']
59,"['pair_style eam/alloy\n', 'pair_coeff * * mg-al-set.eam.alloy Al Mg\n']",['NISTiprpy/1997--Liu-X-Y--Al-Mg--LAMMPS--ipr1/mg-al-set.eam.alloy'],NISTiprpy,1997--Liu-X-Y--Al-Mg--LAMMPS--ipr1,"['Al', 'Mg']"
60,"['pair_style eam\n', 'pair_coeff 1 1 agu6.txt\n']",['NISTiprpy/1989--Adams-J-B--Ag--LAMMPS--ipr1/agu6.txt'],NISTiprpy,1989--Adams-J-B--Ag--LAMMPS--ipr1,['Ag']
61,"['pair_style meam/spline\n', 'pair_coeff * * 2016-06-08.TiO.meam.spline Ti O\n']",['NISTiprpy/2016--Zhang-P--Ti-O--LAMMPS--ipr1/2016-06-08.TiO.meam.spline'],NISTiprpy,2016--Zhang-P--Ti-O--LAMMPS--ipr1,"['Ti', 'O']"
62,"['pair_style eam/fs\n', 'pair_coeff * * TWIP.eam.fs meta_TWIP\n']",['NISTiprpy/2017--Wang-P--TWIP--LAMMPS--ipr2/TWIP.eam.fs'],NISTiprpy,2017--Wang-P--TWIP--LAMMPS--ipr2,['meta_TWIP']
63,"['pair_style eam/fs\n', 'pair_coeff * * Ti2.eam.fs Ti\n']",['NISTiprpy/2016--Mendelev-M-I--Ti-2--LAMMPS--ipr1/Ti2.eam.fs'],NISTiprpy,2016--Mendelev-M-I--Ti-2--LAMMPS--ipr1,['Ti']
64,"['pair_style eam/alloy\n', 'pair_coeff * * Al.set Al\n']",['NISTiprpy/2004--Zhou-X-W--Al--LAMMPS--ipr1/Al.set'],NISTiprpy,2004--Zhou-X-W--Al--LAMMPS--ipr1,['Al']
65,"['pair_style eam/alloy\n', 'pair_coeff * * M07_eam.fs Fe\n']",['NISTiprpy/2010--Malerba-L--Fe--LAMMPS--ipr1/M07_eam.fs'],NISTiprpy,2010--Malerba-L--Fe--LAMMPS--ipr1,['Fe']
66,"['pair_style eam/alloy\n', 'pair_coeff * * w_eam4.fs W\n']",['NISTiprpy/2013--Marinica-M-C--W-4--LAMMPS--ipr1/w_eam4.fs'],NISTiprpy,2013--Marinica-M-C--W-4--LAMMPS--ipr1,['W']
67,"['pair_style eam/fs\n', 'pair_coeff * * Li.eam.fs Li\n']",['NISTiprpy/2016--Nichol-A--Li--LAMMPS--ipr1/Li.eam.fs'],NISTiprpy,2016--Nichol-A--Li--LAMMPS--ipr1,['Li']
68,"['pair_style meam/c\n', 'pair_coeff * * library.Cu.meam Cu Cu.meam Cu\n']","['NISTiprpy/2018--Etesami-S-A--Cu--LAMMPS--ipr1/library.Cu.meam', 'NISTiprpy/2018--Etesami-S-A--Cu--LAMMPS--ipr1/Cu.meam']",NISTiprpy,2018--Etesami-S-A--Cu--LAMMPS--ipr1,['Cu']
69,"['pair_style eam/alloy\n', 'pair_coeff * * Ti_Zhou04.eam.alloy Ti\n']",['NISTiprpy/2004--Zhou-X-W--Ti--LAMMPS--ipr2/Ti_Zhou04.eam.alloy'],NISTiprpy,2004--Zhou-X-W--Ti--LAMMPS--ipr2,['Ti']
70,"['pair_style eam/alloy\n', 'pair_coeff * * NiAlH_jea.eam.alloy Ni Al H\n']",['NISTiprpy/1995--Angelo-J-E--Ni-Al-H--LAMMPS--ipr1/NiAlH_jea.eam.alloy'],NISTiprpy,1995--Angelo-J-E--Ni-Al-H--LAMMPS--ipr1,"['Ni', 'Al', 'H']"
71,"['pair_style eam/alloy\n', 'pair_coeff * * CuAgAu.set Cu Ag Au\n']",['NISTiprpy/2004--Zhou-X-W--Cu-Ag-Au--LAMMPS--ipr1/CuAgAu.set'],NISTiprpy,2004--Zhou-X-W--Cu-Ag-Au--LAMMPS--ipr1,"['Cu', 'Ag', 'Au']"
72,"['pair_style eam/alloy\n', 'pair_coeff * * Mg.set Mg\n']",['NISTiprpy/2004--Zhou-X-W--Mg--LAMMPS--ipr1/Mg.set'],NISTiprpy,2004--Zhou-X-W--Mg--LAMMPS--ipr1,['Mg']
73,"['pair_style eam/alloy\n', 'pair_coeff * * Ag_Zhou04.eam.alloy Ag\n']",['NISTiprpy/2004--Zhou-X-W--Ag--LAMMPS--ipr2/Ag_Zhou04.eam.alloy'],NISTiprpy,2004--Zhou-X-W--Ag--LAMMPS--ipr2,['Ag']
74,"['pair_style eam\n', 'pair_coeff 1 1 cuu6.txt\n']",['NISTiprpy/1989--Adams-J-B--Cu--LAMMPS--ipr1/cuu6.txt'],NISTiprpy,1989--Adams-J-B--Cu--LAMMPS--ipr1,['Cu']
75,"['pair_style meam/c\n', 'pair_coeff * * library.meam Al U AlU.meam Al U\n']","['NISTiprpy/2015--Pascuet-M-I--Al-U--LAMMPS--ipr2/library.meam', 'NISTiprpy/2015--Pascuet-M-I--Al-U--LAMMPS--ipr2/AlU.meam']",NISTiprpy,2015--Pascuet-M-I--Al-U--LAMMPS--ipr2,"['Al', 'U']"
76,"['pair_style eam/fs\n', 'pair_coeff * * Cu-Zr_2.eam.fs Cu Zr\n']",['NISTiprpy/2009--Mendelev-M-I--Cu-Zr--LAMMPS--ipr1/Cu-Zr_2.eam.fs'],NISTiprpy,2009--Mendelev-M-I--Cu-Zr--LAMMPS--ipr1,"['Cu', 'Zr']"
77,"['pair_style meam/c\n', 'pair_coeff * * Nouranian_CH_library.meam C H Nouranian_CH.meam C H\n']","['NISTiprpy/2014--Nouranian-S--CH--ipr1/Nouranian_CH.meam', 'NISTiprpy/2014--Nouranian-S--CH--ipr1/Nouranian_CH_library.meam']",NISTiprpy,2014--Nouranian-S--CH--ipr1,"['C', 'H']"
78,"['pair_style eam/fs\n', 'pair_coeff * * W.eam.fs W\n']",['NISTiprpy/2003--Han-S--W--LAMMPS--ipr1/W.eam.fs'],NISTiprpy,2003--Han-S--W--LAMMPS--ipr1,['W']
79,"['pair_style eam/alloy\n', 'pair_coeff * * Fe-Ni.eam.alloy Fe Ni\n']",['NISTiprpy/2009--Bonny-G--Fe-Ni--LAMMPS--ipr1/Fe-Ni.eam.alloy'],NISTiprpy,2009--Bonny-G--Fe-Ni--LAMMPS--ipr1,"['Fe', 'Ni']"
80,"['pair_style eam\n', 'pair_coeff 1 1 pdu6.txt\n']",['NISTiprpy/1989--Adams-J-B--Pd--LAMMPS--ipr1/pdu6.txt'],NISTiprpy,1989--Adams-J-B--Pd--LAMMPS--ipr1,['Pd']
81,"['pair_style eam/fs\n', 'pair_coeff * * Au.eam.fs Au\n']",['NISTiprpy/1987--Ackland-G-J--Au--LAMMPS--ipr1/Au.eam.fs'],NISTiprpy,1987--Ackland-G-J--Au--LAMMPS--ipr1,['Au']
82,"['pair_style eam/alloy\n', 'pair_coeff * * Cu_Zhou04.eam.alloy Cu\n']",['NISTiprpy/2004--Zhou-X-W--Cu--LAMMPS--ipr2/Cu_Zhou04.eam.alloy'],NISTiprpy,2004--Zhou-X-W--Cu--LAMMPS--ipr2,['Cu']
83,"['pair_style eam/fs\n', 'pair_coeff * * Rb.eam.fs Rb\n']",['NISTiprpy/2016--Nichol-A--Rb--LAMMPS--ipr1/Rb.eam.fs'],NISTiprpy,2016--Nichol-A--Rb--LAMMPS--ipr1,['Rb']
84,"['pair_style eam/fs\n', 'pair_coeff * * Fe_5.eam.fs Fe\n']",['NISTiprpy/2003--Mendelev-M-I--Fe-5--LAMMPS--ipr1/Fe_5.eam.fs'],NISTiprpy,2003--Mendelev-M-I--Fe-5--LAMMPS--ipr1,['Fe']
85,"['pair_style eam/alloy\n', 'pair_coeff * * al-cu-set.eam.alloy Al Cu\n']",['NISTiprpy/1999--Liu-X-Y--Al-Cu--LAMMPS--ipr1/al-cu-set.eam.alloy'],NISTiprpy,1999--Liu-X-Y--Al-Cu--LAMMPS--ipr1,"['Al', 'Cu']"
86,"['pair_style eam/alloy\n', 'pair_coeff * * potential-WHHe-EAM1.eam.alloy W H He\n']",['NISTiprpy/2014--Bonny-G--W-H-He-1--LAMMPS--ipr1/potential-WHHe-EAM1.eam.alloy'],NISTiprpy,2014--Bonny-G--W-H-He-1--LAMMPS--ipr1,"['W', 'H', 'He']"
87,"['pair_style meam/c\n', 'pair_coeff * * Jelinek_2012_meamf AlS SiS MgS CuS FeS Jelinek_2012_meam.alsimgcufe AlS SiS MgS CuS FeS\n']","['NISTiprpy/2012--Jelinek-B--Al-Si-Mg-Cu-Fe--LAMMPS--ipr2/Jelinek_2012_meamf', 'NISTiprpy/2012--Jelinek-B--Al-Si-Mg-Cu-Fe--LAMMPS--ipr2/Jelinek_2012_meam.alsimgcufe']",NISTiprpy,2012--Jelinek-B--Al-Si-Mg-Cu-Fe--LAMMPS--ipr2,"['AlS', 'SiS', 'MgS', 'CuS', 'FeS']"
88,"['pair_style eam/fs\n', 'pair_coeff * * Ti_v2.eam.fs Ti\n']",['NISTiprpy/1992--Ackland-G-J--Ti--LAMMPS--ipr2/Ti_v2.eam.fs'],NISTiprpy,1992--Ackland-G-J--Ti--LAMMPS--ipr2,['Ti']
89,"['pair_style eam/alloy\n', 'pair_coeff * * Ta.set Ta\n']",['NISTiprpy/2004--Zhou-X-W--Ta--LAMMPS--ipr1/Ta.set'],NISTiprpy,2004--Zhou-X-W--Ta--LAMMPS--ipr1,['Ta']
90,"['pair_style eam/fs\n', 'pair_coeff * * Ni-Nb_1.eam.fs Ni Nb\n']",['NISTiprpy/2016--Zhang-Y--Ni-Nb--LAMMPS--ipr1/Ni-Nb_1.eam.fs'],NISTiprpy,2016--Zhang-Y--Ni-Nb--LAMMPS--ipr1,"['Ni', 'Nb']"
91,"['pair_style eam/alloy\n', 'pair_coeff * * PdH_Zhou_June29_2007_2.set Pd H\n']",['NISTiprpy/2008--Zhou-X-W--Pd-H--LAMMPS--ipr1/PdH_Zhou_June29_2007_2.set'],NISTiprpy,2008--Zhou-X-W--Pd-H--LAMMPS--ipr1,"['Pd', 'H']"
92,"['pair_style eam/alloy\n', 'pair_coeff * * Mo_Zhou04.eam.alloy Mo\n']",['NISTiprpy/2004--Zhou-X-W--Mo--LAMMPS--ipr2/Mo_Zhou04.eam.alloy'],NISTiprpy,2004--Zhou-X-W--Mo--LAMMPS--ipr2,['Mo']
93,"['pair_style meam/c\n', 'pair_coeff * * library-Al.meam Al Al.meam Al\n']","['NISTiprpy/2015--Pascuet-M-I--Al--LAMMPS--ipr1/library-Al.meam', 'NISTiprpy/2015--Pascuet-M-I--Al--LAMMPS--ipr1/Al.meam']",NISTiprpy,2015--Pascuet-M-I--Al--LAMMPS--ipr1,['Al']
94,"['pair_style eam/alloy\n', 'pair_coeff * * Mg_Zhou04.eam.alloy Mg\n']",['NISTiprpy/2004--Zhou-X-W--Mg--LAMMPS--ipr2/Mg_Zhou04.eam.alloy'],NISTiprpy,2004--Zhou-X-W--Mg--LAMMPS--ipr2,['Mg']
95,"['pair_style eam/alloy\n', 'pair_coeff * * almg.liu.eam.alloy Al Mg\n']",['NISTiprpy/1998--Liu-X-Y--Al-Mg--LAMMPS--ipr1/almg.liu.eam.alloy'],NISTiprpy,1998--Liu-X-Y--Al-Mg--LAMMPS--ipr1,"['Al', 'Mg']"
96,"['pair_style eam/alloy\n', 'pair_coeff * * NiAlCo_updated.eam.alloy Ni Al Co\n']",['NISTiprpy/2015--Purja-Pun-G-P--Ni-Al-Co--LAMMPS--ipr2/NiAlCo_updated.eam.alloy'],NISTiprpy,2015--Purja-Pun-G-P--Ni-Al-Co--LAMMPS--ipr2,"['Ni', 'Al', 'Co']"
97,"['pair_style eam/fs\n', 'pair_coeff * * Ni_v2.eam.fs Ni\n']",['NISTiprpy/1987--Ackland-G-J--Ni--LAMMPS--ipr2/Ni_v2.eam.fs'],NISTiprpy,1987--Ackland-G-J--Ni--LAMMPS--ipr2,['Ni']
98,"['pair_style eam/alloy\n', 'pair_coeff * * Au.set Au\n']",['NISTiprpy/2004--Zhou-X-W--Au--LAMMPS--ipr1/Au.set'],NISTiprpy,2004--Zhou-X-W--Au--LAMMPS--ipr1,['Au']
99,"['pair_style eam/alloy\n', 'pair_coeff * * Fe_cham-mishin.eam.alloy Fe\n']",['NISTiprpy/2006--Chamati-H--Fe--LAMMPS--Ilaksh/Fe_cham-mishin.eam.alloy'],NISTiprpy,2006--Chamati-H--Fe--LAMMPS--Ilaksh,['Fe']
100,"['pair_style eam/fs\n', 'pair_coeff * * Ni1_Mendelev_2012.eam.fs Ni\n']",['NISTiprpy/2012--Mendelev-M-I--Ni--LAMMPS--ipr1/Ni1_Mendelev_2012.eam.fs'],NISTiprpy,2012--Mendelev-M-I--Ni--LAMMPS--ipr1,['Ni']
101,"['pair_style eam/fs\n', 'pair_coeff * * Tb.eam.fs Tb\n']",['NISTiprpy/2018--Mendelev-M-I--Tb--LAMMPS--ipr1/Tb.eam.fs'],NISTiprpy,2018--Mendelev-M-I--Tb--LAMMPS--ipr1,['Tb']
102,"['pair_style eam/fs\n', 'pair_coeff * * Ti3.eam.fs Ti\n']",['NISTiprpy/2016--Mendelev-M-I--Ti-3--LAMMPS--ipr1/Ti3.eam.fs'],NISTiprpy,2016--Mendelev-M-I--Ti-3--LAMMPS--ipr1,['Ti']
103,"['pair_style meam/c\n', 'pair_coeff * * library.Fe.meam Fe Fe.meam Fe\n']","['NISTiprpy/2018--Etesami-S-A--Fe--LAMMPS--ipr1/Fe.meam', 'NISTiprpy/2018--Etesami-S-A--Fe--LAMMPS--ipr1/library.Fe.meam']",NISTiprpy,2018--Etesami-S-A--Fe--LAMMPS--ipr1,['Fe']
104,"['pair_style eam/fs\n', 'pair_coeff * * Al-Mg.eam.fs Al Mg\n']",['NISTiprpy/2009--Mendelev-M-I--Al-Mg--LAMMPS--ipr1/Al-Mg.eam.fs'],NISTiprpy,2009--Mendelev-M-I--Al-Mg--LAMMPS--ipr1,"['Al', 'Mg']"
105,"['pair_style reax/c NULL\n', 'pair_coeff * * ffield_LiS_PCCP2015.txt Li S\n']",['NISTiprpy/2015--Islam-M-M--Li-S--LAMMPS--ipr1/ffield_LiS_PCCP2015.txt'],NISTiprpy,2015--Islam-M-M--Li-S--LAMMPS--ipr1,"['Li', 'S']"
106,"['pair_style adp\n', 'pair_coeff * * Mg_H.adp.alloy.txt Mg H\n']",['NISTiprpy/2018--Smirnova-D-E--Mg-H--LAMMPS--ipr1/Mg_H.adp.alloy.txt'],NISTiprpy,2018--Smirnova-D-E--Mg-H--LAMMPS--ipr1,"['Mg', 'H']"
107,"['pair_style eam/alloy\n', 'pair_coeff * * cu_ag_ymwu.eam.alloy Cu Ag\n']",['NISTiprpy/2009--Wu-H-H--Cu-Ag--LAMMPS--ipr1/cu_ag_ymwu.eam.alloy'],NISTiprpy,2009--Wu-H-H--Cu-Ag--LAMMPS--ipr1,"['Cu', 'Ag']"
108,"['pair_style eam/fs\n', 'pair_coeff * * Na_v2.eam.fs Na\n']",['NISTiprpy/2016--Nichol-A--Na--LAMMPS--ipr2/Na_v2.eam.fs'],NISTiprpy,2016--Nichol-A--Na--LAMMPS--ipr2,['Na']
109,"['pair_style eam/fs\n', 'pair_coeff * * Ag_v2.eam.fs Ag\n']",['NISTiprpy/1987--Ackland-G-J--Ag--LAMMPS--ipr2/Ag_v2.eam.fs'],NISTiprpy,1987--Ackland-G-J--Ag--LAMMPS--ipr2,['Ag']
110,"['pair_style eam/alloy\n', 'pair_coeff * * Fe.set Fe\n']",['NISTiprpy/2004--Zhou-X-W--Fe--LAMMPS--ipr1/Fe.set'],NISTiprpy,2004--Zhou-X-W--Fe--LAMMPS--ipr1,['Fe']
111,"['pair_style eam/alloy\n', 'pair_coeff * * potential-WHHe-EAM2.eam.alloy W H He\n']",['NISTiprpy/2014--Bonny-G--W-H-He-2--LAMMPS--ipr1/potential-WHHe-EAM2.eam.alloy'],NISTiprpy,2014--Bonny-G--W-H-He-2--LAMMPS--ipr1,"['W', 'H', 'He']"
112,"['pair_style eam\n', 'pair_coeff 1 1 ptu6.txt\n']",['NISTiprpy/1989--Adams-J-B--Pt--LAMMPS--ipr1/ptu6.txt'],NISTiprpy,1989--Adams-J-B--Pt--LAMMPS--ipr1,['Pt']
113,"['pair_style adp\n', 'pair_coeff * * CuTa_LJ15_2014.angdep Cu Ta\n']",['NISTiprpy/2015--Purja-Pun-G-P--Cu-Ta--LAMMPS--ipr1/CuTa_LJ15_2014.angdep'],NISTiprpy,2015--Purja-Pun-G-P--Cu-Ta--LAMMPS--ipr1,"['Cu', 'Ta']"
114,"['pair_style eam/fs\n', 'pair_coeff * * Au_v2.eam.fs Au\n']",['NISTiprpy/1987--Ackland-G-J--Au--LAMMPS--ipr2/Au_v2.eam.fs'],NISTiprpy,1987--Ackland-G-J--Au--LAMMPS--ipr2,['Au']
115,"['pair_style eam/alloy\n', 'pair_coeff * * NiAl02.eam.alloy Ni Al\n']",['NISTiprpy/2002--Mishin-Y--Ni-Al--LAMMPS--ipr1/NiAl02.eam.alloy'],NISTiprpy,2002--Mishin-Y--Ni-Al--LAMMPS--ipr1,"['Ni', 'Al']"
116,"['pair_style eam/alloy\n', 'pair_coeff * * Ti.set Ti\n']",['NISTiprpy/2004--Zhou-X-W--Ti--LAMMPS--ipr1/Ti.set'],NISTiprpy,2004--Zhou-X-W--Ti--LAMMPS--ipr1,['Ti']
117,"['pair_style meam/c\n', 'pair_coeff * * FeTiClibrary.meam Fe Ti C FeTiC.meam Fe Ti C\n']","['NISTiprpy/2009--Kim-H-K--Fe-Ti-C--LAMMPS--ipr2/FeTiC.meam', 'NISTiprpy/2009--Kim-H-K--Fe-Ti-C--LAMMPS--ipr2/FeTiClibrary.meam']",NISTiprpy,2009--Kim-H-K--Fe-Ti-C--LAMMPS--ipr2,"['Fe', 'Ti', 'C']"
118,"['pair_style eam/alloy\n', 'pair_coeff * * AlMnPd_Schopf_2012.lammps.EAM_CORRECT Al Mn Pd\n']",['NISTiprpy/2012--Schopf-D--Al-Mn-Pd--LAMMPS--ipr1/AlMnPd_Schopf_2012.lammps.EAM_CORRECT'],NISTiprpy,2012--Schopf-D--Al-Mn-Pd--LAMMPS--ipr1,"['Al', 'Mn', 'Pd']"
119,"['pair_style meam/c\n', 'pair_coeff * * library-U.meam U U.meam U\n']","['NISTiprpy/2014--Fernandez-J-R--U--LAMMPS--ipr1/U.meam', 'NISTiprpy/2014--Fernandez-J-R--U--LAMMPS--ipr1/library-U.meam']",NISTiprpy,2014--Fernandez-J-R--U--LAMMPS--ipr1,['U']
120,"['pair_style eam/fs\n', 'pair_coeff * * Rb_v2.eam.fs Rb\n']",['NISTiprpy/2016--Nichol-A--Rb--LAMMPS--ipr2/Rb_v2.eam.fs'],NISTiprpy,2016--Nichol-A--Rb--LAMMPS--ipr2,['Rb']
121,"['pair_style eam/alloy\n', 'pair_coeff * * Ag.eam.alloy Ag\n']",['NISTiprpy/2006--Williams-P-L--Ag--LAMMPS--ipr1/Ag.eam.alloy'],NISTiprpy,2006--Williams-P-L--Ag--LAMMPS--ipr1,['Ag']
122,"['pair_style reax/c NULL\n', 'pair_coeff * * ffield.reax.CHO_2008 C H O\n']",['NISTiprpy/2008--Chenoweth-K--C-H-O--LAMMPS--ipr1/ffield.reax.CHO_2008'],NISTiprpy,2008--Chenoweth-K--C-H-O--LAMMPS--ipr1,"['C', 'H', 'O']"
123,"['pair_style eam/alloy\n', 'pair_coeff * * Au-Grochola-JCP05.eam.alloy Au\n']",['NISTiprpy/2005--Grochola-G--Au--LAMMPS--ipr1/Au-Grochola-JCP05.eam.alloy'],NISTiprpy,2005--Grochola-G--Au--LAMMPS--ipr1,['Au']
124,"['pair_style meam/c\n', 'pair_coeff * * library.Fe.meam Fe Fe.meam Fe\n']","['NISTiprpy/2015--Asadi-E--Fe--LAMMPS--ipr1/Fe.meam', 'NISTiprpy/2015--Asadi-E--Fe--LAMMPS--ipr1/library.Fe.meam']",NISTiprpy,2015--Asadi-E--Fe--LAMMPS--ipr1,['Fe']
125,"['pair_style eam/fs\n', 'pair_coeff * * Na.eam.fs Na\n']",['NISTiprpy/2016--Nichol-A--Na--LAMMPS--ipr1/Na.eam.fs'],NISTiprpy,2016--Nichol-A--Na--LAMMPS--ipr1,['Na']
126,"['pair_style eam/fs\n', 'pair_coeff * * Zr_3.eam.fs Zr\n']",['NISTiprpy/2007--Mendelev-M-I--Zr-3--LAMMPS--ipr2/Zr_3.eam.fs'],NISTiprpy,2007--Mendelev-M-I--Zr-3--LAMMPS--ipr2,['Zr']
127,"['pair_style meam/c\n', 'pair_coeff * * library.PbSn.meam Pb Sn PbSn.meam Pb Sn\n']","['NISTiprpy/2018--Etesami-S-A--Pb-Sn--LAMMPS--ipr1/PbSn.meam', 'NISTiprpy/2018--Etesami-S-A--Pb-Sn--LAMMPS--ipr1/library.PbSn.meam']",NISTiprpy,2018--Etesami-S-A--Pb-Sn--LAMMPS--ipr1,"['Pb', 'Sn']"
128,"['pair_style eam/fs\n', 'pair_coeff * * V.eam.fs V\n']",['NISTiprpy/2003--Han-S--V--LAMMPS--ipr1/V.eam.fs'],NISTiprpy,2003--Han-S--V--LAMMPS--ipr1,['V']
129,"['pair_style eam/fs\n', 'pair_coeff * * Fe.eam.fs Fe\n']",['NISTiprpy/1997--Ackland-G-J--Fe--LAMMPS--ipr1/Fe.eam.fs'],NISTiprpy,1997--Ackland-G-J--Fe--LAMMPS--ipr1,['Fe']
130,"['pair_style eam/alloy\n', 'pair_coeff * * Fe_Proville.eam.alloy Fe\n']",['NISTiprpy/2012--Proville-L--Fe--LAMMPS--Hale/Fe_Proville.eam.alloy'],NISTiprpy,2012--Proville-L--Fe--LAMMPS--Hale,['Fe']
131,"['pair_style eam/alloy\n', 'pair_coeff * * WRe.eam.alloy W Re\n']",['NISTiprpy/2017--Bonny-G--W-Re--LAMMPS--ipr1/WRe.eam.alloy'],NISTiprpy,2017--Bonny-G--W-Re--LAMMPS--ipr1,"['W', 'Re']"
132,"['pair_style meam/c\n', 'pair_coeff * * library_AgTaO3.meam Ag Ta O AgTaO3.meam Ag Ta O\n']","['NISTiprpy/2013--Gao-H--AgTaO3--LAMMPS--ipr2/library_AgTaO3.meam', 'NISTiprpy/2013--Gao-H--AgTaO3--LAMMPS--ipr2/AgTaO3.meam']",NISTiprpy,2013--Gao-H--AgTaO3--LAMMPS--ipr2,"['Ag', 'Ta', 'O']"
133,"['pair_style eam/fs\n', 'pair_coeff * * Fe-P.eam.fs Fe P\n']",['NISTiprpy/2004--Ackland-G-J--Fe-P--LAMMPS--ipr1/Fe-P.eam.fs'],NISTiprpy,2004--Ackland-G-J--Fe-P--LAMMPS--ipr1,"['Fe', 'P']"
134,"['pair_style eam/alloy\n', 'pair_coeff * * Nb.eam.alloy Nb\n']",['NISTiprpy/2010--Fellinger-M-R--Nb--LAMMPS--ipr1/Nb.eam.alloy'],NISTiprpy,2010--Fellinger-M-R--Nb--LAMMPS--ipr1,['Nb']
135,"['pair_style eam/fs\n', 'pair_coeff * * Fe_2.eam.fs Fe\n']",['NISTiprpy/2003--Mendelev-M-I--Fe-2--LAMMPS--ipr3/Fe_2.eam.fs'],NISTiprpy,2003--Mendelev-M-I--Fe-2--LAMMPS--ipr3,['Fe']
136,"['pair_style meam/c\n', 'pair_coeff * * Fe3C_library_Liyanage_2014.meam Fe C Fe3C_Liyanage_2014.meam Fe C\n']","['NISTiprpy/2014--Liyanage-L-S-I--Fe-C--LAMMPS--ipr2/Fe3C_Liyanage_2014.meam', 'NISTiprpy/2014--Liyanage-L-S-I--Fe-C--LAMMPS--ipr2/Fe3C_library_Liyanage_2014.meam']",NISTiprpy,2014--Liyanage-L-S-I--Fe-C--LAMMPS--ipr2,"['Fe', 'C']"
137,"['pair_style eam/alloy\n', 'pair_coeff * * Cu.set Cu\n']",['NISTiprpy/2004--Zhou-X-W--Cu--LAMMPS--ipr1/Cu.set'],NISTiprpy,2004--Zhou-X-W--Cu--LAMMPS--ipr1,['Cu']
138,"['pair_style eam/fs\n', 'pair_coeff * * Cu-Zr.eam.fs Cu Zr\n']",['NISTiprpy/2007--Mendelev-M-I--Cu-Zr--LAMMPS--ipr1/Cu-Zr.eam.fs'],NISTiprpy,2007--Mendelev-M-I--Cu-Zr--LAMMPS--ipr1,"['Cu', 'Zr']"
139,"['pair_style eam/alloy\n', 'pair_coeff * * Au_5T.eam.alloy Au\n']",['NISTiprpy/2012--Norman-G-E--Au--LAMMPS--ipr1/Au_5T.eam.alloy'],NISTiprpy,2012--Norman-G-E--Au--LAMMPS--ipr1,['Au']
140,"['pair_style adp\n', 'pair_coeff * * Si_Au.adp.txt Si Au\n']",['NISTiprpy/2018--Starikov-S-V--Si-Au--LAMMPS--ipr1/Si_Au.adp.txt'],NISTiprpy,2018--Starikov-S-V--Si-Au--LAMMPS--ipr1,"['Si', 'Au']"
141,"['pair_style adp\n', 'pair_coeff * * un.adp.txt U N\n']",['NISTiprpy/2016--Tseplyaev-V-I--U-N--LAMMPS--ipr1/un.adp.txt'],NISTiprpy,2016--Tseplyaev-V-I--U-N--LAMMPS--ipr1,"['U', 'N']"
142,"['pair_style eam/fs\n', 'pair_coeff * * MDSL.eam.fs Al\n']",['NISTiprpy/2000--Sturgeon-J-B--Al--LAMMPS--ipr1/MDSL.eam.fs'],NISTiprpy,2000--Sturgeon-J-B--Al--LAMMPS--ipr1,['Al']
143,"['pair_style sw\n', 'pair_coeff * * CdTeZnSeHgS0.sw Zn Cd Hg S Se Te\n']",['NISTiprpy/2013--Zhou-X-W--Zn-Cd-Hg-S-Se-Te--LAMMPS--ipr1/CdTeZnSeHgS0.sw'],NISTiprpy,2013--Zhou-X-W--Zn-Cd-Hg-S-Se-Te--LAMMPS--ipr1,"['Zn', 'Cd', 'Hg', 'S', 'Se', 'Te']"
144,"['pair_style eam/alloy\n', 'pair_coeff * * Zope-Ti-Al-2003.eam.alloy Ti Al\n']",['NISTiprpy/2003--Zope-R-R--Ti-Al--LAMMPS--ipr1/Zope-Ti-Al-2003.eam.alloy'],NISTiprpy,2003--Zope-R-R--Ti-Al--LAMMPS--ipr1,"['Ti', 'Al']"
145,"['pair_style eam/fs\n', 'pair_coeff * * Cu1.eam.fs Cu\n']",['NISTiprpy/2008--Mendelev-M-I--Cu--LAMMPS--ipr1/Cu1.eam.fs'],NISTiprpy,2008--Mendelev-M-I--Cu--LAMMPS--ipr1,['Cu']
146,"['pair_style eam/alloy\n', 'pair_coeff * * Ag.set Ag\n']",['NISTiprpy/2004--Zhou-X-W--Ag--LAMMPS--ipr1/Ag.set'],NISTiprpy,2004--Zhou-X-W--Ag--LAMMPS--ipr1,['Ag']
147,"['pair_style adp\n', 'pair_coeff * * U_Mo.alloy.adp_cor.txt U Mo\n']",['NISTiprpy/2018--Starikov-S-V--U-Mo--LAMMPS--ipr2/U_Mo.alloy.adp_cor.txt'],NISTiprpy,2018--Starikov-S-V--U-Mo--LAMMPS--ipr2,"['U', 'Mo']"
148,"['pair_style adp\n', 'pair_coeff * * U_Mo.adp.txt U Mo\n']",['NISTiprpy/2018--Starikov-S-V--U-Mo--LAMMPS--ipr1/U_Mo.adp.txt'],NISTiprpy,2018--Starikov-S-V--U-Mo--LAMMPS--ipr1,"['U', 'Mo']"
149,"['pair_style eam/fs\n', 'pair_coeff * * Ti1.eam.fs Ti\n']",['NISTiprpy/2016--Mendelev-M-I--Ti-1--LAMMPS--ipr1/Ti1.eam.fs'],NISTiprpy,2016--Mendelev-M-I--Ti-1--LAMMPS--ipr1,['Ti']
150,"['pair_style eam/alloy\n', 'pair_coeff * * Al-2009.eam.alloy Al\n']",['NISTiprpy/2009--Zhakhovskii-V-V--Al--LAMMPS--ipr1/Al-2009.eam.alloy'],NISTiprpy,2009--Zhakhovskii-V-V--Al--LAMMPS--ipr1,['Al']
151,"['pair_style eam/alloy\n', 'pair_coeff * * U.eam.sss2012.alloy U\n']",['NISTiprpy/2012--Smirnova-D-E--U--LAMMPS--ipr1/U.eam.sss2012.alloy'],NISTiprpy,2012--Smirnova-D-E--U--LAMMPS--ipr1,['U']
152,"['pair_style eam/alloy\n', 'pair_coeff * * PtAu.eam.alloy Pt Au\n']",['NISTiprpy/2017--OBrien-C-J--Pt-Au--LAMMPS--ipr1/PtAu.eam.alloy'],NISTiprpy,2017--OBrien-C-J--Pt-Au--LAMMPS--ipr1,"['Pt', 'Au']"
153,"['pair_style hybrid/overlay eam/alloy eam/fs\n', 'pair_coeff * * eam/alloy FeCrW_d.eam.alloy Fe Cr W\n', 'pair_coeff * * eam/fs NISTiprpy/FeCrW_s.eam.fs Fe Cr W\n']","['NISTiprpy/2013--Bonny-G--Fe-Cr-W--LAMMPS--ipr1/FeCrW_s.eam.fs', 'NISTiprpy/2013--Bonny-G--Fe-Cr-W--LAMMPS--ipr1/READ_ME.txt', 'NISTiprpy/2013--Bonny-G--Fe-Cr-W--LAMMPS--ipr1/FeCrW_d.eam.alloy']",NISTiprpy,2013--Bonny-G--Fe-Cr-W-LAMMPS--ipr1,"['Fe', 'Cr', 'W']"
154,"['pair_style eam/alloy\n', 'pair_coeff * * PdAgH_MorsePd3Ag.eam.alloy Pd Ag H\n']",['NISTiprpy/2013--Hale-L-M--Pd-Ag-H-Morse--LAMMPS--ipr1/PdAgH_MorsePd3Ag.eam.alloy'],NISTiprpy,2013--Hale-L-M--Pd-Ag-H-Morse--LAMMPS--ipr1,"['Pd', 'Ag', 'H']"
155,"['pair_style eam/fs\n', 'pair_coeff * * Fe_2.eam.fs Fe\n']",['NISTiprpy/2003--Mendelev-M-I--Fe-2--LAMMPS--ipr1/Fe_2.eam.fs'],NISTiprpy,2003--Mendelev-M-I--Fe-2--LAMMPS--ipr1,['Fe']
156,"['pair_style eam/alloy\n', 'pair_coeff * * Au_Zhou04.eam.alloy Au\n']",['NISTiprpy/2004--Zhou-X-W--Au--LAMMPS--ipr2/Au_Zhou04.eam.alloy'],NISTiprpy,2004--Zhou-X-W--Au--LAMMPS--ipr2,['Au']
157,"['pair_style eam/fs\n', 'pair_coeff * * Ru.eam.fs Ru\n']",['NISTiprpy/2008--Fortini-A--Ru--LAMMPS--ipr1/Ru.eam.fs'],NISTiprpy,2008--Fortini-A--Ru--LAMMPS--ipr1,['Ru']
158,"['pair_style eam/fs\n', 'pair_coeff * * Ag.eam.fs Ag\n']",['NISTiprpy/1987--Ackland-G-J--Ag--LAMMPS--ipr1/Ag.eam.fs'],NISTiprpy,1987--Ackland-G-J--Ag--LAMMPS--ipr1,['Ag']
159,"['pair_style eam/alloy\n', 'pair_coeff * * Mishin-Ni-Al-Co-2013.eam.alloy Ni Al Co\n']",['NISTiprpy/2015--Purja-Pun-G-P--Ni-Al-Co--LAMMPS--ipr1/Mishin-Ni-Al-Co-2013.eam.alloy'],NISTiprpy,2015--Purja-Pun-G-P--Ni-Al-Co--LAMMPS--ipr1,"['Ni', 'Al', 'Co']"
160,"['pair_style eam/alloy\n', 'pair_coeff * * Fe_Mishin2006.eam.alloy Fe\n']",['NISTiprpy/2006--Chamati-H--Fe--LAMMPS--ipr1/Fe_Mishin2006.eam.alloy'],NISTiprpy,2006--Chamati-H--Fe--LAMMPS--ipr1,['Fe']
161,"['pair_style eam/alloy\n', 'pair_coeff * * Farkas_Nb-Ti-Al_1996.eam.alloy Nb Ti Al\n']",['NISTiprpy/1996--Farkas-D--Nb-Ti-Al--LAMMPS--ipr1/Farkas_Nb-Ti-Al_1996.eam.alloy'],NISTiprpy,1996--Farkas-D--Nb-Ti-Al--LAMMPS--ipr1,"['Nb', 'Ti', 'Al']"
162,"['pair_style eam/alloy\n', 'pair_coeff * * Mishin-Al-Co-2013.eam.alloy Al Co\n']",['NISTiprpy/2015--Purja-Pun-G-P--Al-Co--LAMMPS--ipr1/Mishin-Al-Co-2013.eam.alloy'],NISTiprpy,2015--Purja-Pun-G-P--Al-Co--LAMMPS--ipr1,"['Al', 'Co']"
163,"['pair_style eam/fs\n', 'pair_coeff * * Mendelev_Cu2_2012.eam.fs Cu\n']",['NISTiprpy/2012--Mendelev-M-I--Cu--LAMMPS--ipr1/Mendelev_Cu2_2012.eam.fs'],NISTiprpy,2012--Mendelev-M-I--Cu--LAMMPS--ipr1,['Cu']
164,"['pair_style eam/alloy\n', 'pair_coeff * * Au_Olsson_JAP2010.eam.alloy Au\n']",['NISTiprpy/2010--Olsson-P-A-T--Au--LAMMPS--ipr1/Au_Olsson_JAP2010.eam.alloy'],NISTiprpy,2010--Olsson-P-A-T--Au--LAMMPS--ipr1,['Au']
165,"['pair_style eam/fs\n', 'pair_coeff * * Zr_2.eam.fs Zr\n']",['NISTiprpy/2007--Mendelev-M-I--Zr-2--LAMMPS--ipr1/Zr_2.eam.fs'],NISTiprpy,2007--Mendelev-M-I--Zr-2--LAMMPS--ipr1,['Zr']
166,"['pair_style eam/alloy\n', 'pair_coeff * * Mishin_updated-Al-Co-2013.eam.alloy Al Co\n']",['NISTiprpy/2015--Purja-Pun-G-P--Al-Co--LAMMPS--ipr2/Mishin_updated-Al-Co-2013.eam.alloy'],NISTiprpy,2015--Purja-Pun-G-P--Al-Co--LAMMPS--ipr2,"['Al', 'Co']"
167,"['pair_style meam/c\n', 'pair_coeff * * library.meam Al U NISTiprpy/AlU.meam Al U\n']","['NISTiprpy/2015--Pascuet-M-I--Al-U--LAMMPS--ipr1/library.meam', 'NISTiprpy/2015--Pascuet-M-I--Al-U--LAMMPS--ipr1/AlU.meam']",NISTiprpy,2015--Pascuet-M-I--Al-U--LAMMPS--ipr1,"['Al', 'U']"
168,"['pair_style eam/fs\n', 'pair_coeff * * Ag-Ni.eam.fs Ag Ni\n']",['NISTiprpy/2018--Mendelev-M-I--Ag-Ni--LAMMPS--ipr1/Ag-Ni.eam.fs'],NISTiprpy,2018--Mendelev-M-I--Ag-Ni--LAMMPS--ipr1,"['Ag', 'Ni']"
169,"['pair_style meam/spline\n', 'pair_coeff * * TiO.meam.spline Ti O\n']",['NISTiprpy/2016--Zhang-P--Ti-O--LAMMPS--ipr2/TiO.meam.spline'],NISTiprpy,2016--Zhang-P--Ti-O--LAMMPS--ipr2,"['Ti', 'O']"
170,"['pair_style eam/alloy\n', 'pair_coeff * * Al_wkg_MSMSE_2009.set Al\n']",['NISTiprpy/2010--Winey-J-M--Al--LAMMPS--ipr1/Al_wkg_MSMSE_2009.set'],NISTiprpy,2010--Winey-J-M--Al--LAMMPS--ipr1,['Al']
171,"['pair_style eam/alloy\n', 'pair_coeff * * Pd_Zhou04.eam.alloy Pd\n']",['NISTiprpy/2004--Zhou-X-W--Pd--LAMMPS--ipr2/Pd_Zhou04.eam.alloy'],NISTiprpy,2004--Zhou-X-W--Pd--LAMMPS--ipr2,['Pd']
172,"['pair_style eam/alloy\n', 'pair_coeff * * FeNiCr_Bonny_2013_ptDef.eam.alloy Fe Ni Cr\n']",['NISTiprpy/2013--Bonny-G--Fe-Ni-Cr--LAMMPS--ipr1/FeNiCr_Bonny_2013_ptDef.eam.alloy'],NISTiprpy,2013--Bonny-G--Fe-Ni-Cr--LAMMPS--ipr1,"['Fe', 'Ni', 'Cr']"
173,"['pair_style meam/c\n', 'pair_coeff * * Fe3C_library_Liyanage_2014.meam Fe C NISTiprpy/Fe3C_Liyanage_2014.meam Fe C\n']","['NISTiprpy/2014--Liyanage-L-S-I--Fe-C--LAMMPS--ipr1/Fe3C_Liyanage_2014.meam', 'NISTiprpy/2014--Liyanage-L-S-I--Fe-C--LAMMPS--ipr1/Fe3C_library_Liyanage_2014.meam']",NISTiprpy,2014--Liyanage-L-S-I--Fe-C--LAMMPS--ipr1,"['Fe', 'C']"
174,"['pair_style eam/alloy\n', 'pair_coeff * * CuAg.eam.alloy Cu Ag\n']",['NISTiprpy/2006--Williams-P-L--Cu-Ag--LAMMPS--ipr1/CuAg.eam.alloy'],NISTiprpy,2006--Williams-P-L--Cu-Ag--LAMMPS--ipr1,"['Cu', 'Ag']"
175,"['pair_style eam/fs\n', 'pair_coeff * * Al-Fe.eam.fs Al Fe\n']",['NISTiprpy/2005--Mendelev-M-I--Al-Fe--LAMMPS--ipr1/Al-Fe.eam.fs'],NISTiprpy,2005--Mendelev-M-I--Al-Fe--LAMMPS--ipr1,"['Al', 'Fe']"
176,"['pair_style eam/fs\n', 'pair_coeff * * K.eam.fs K\n']",['NISTiprpy/2016--Nichol-A--K--LAMMPS--ipr1/K.eam.fs'],NISTiprpy,2016--Nichol-A--K--LAMMPS--ipr1,['K']
177,"['pair_style eam/fs\n', 'pair_coeff * * Fe.eam.fs Fe\n']",['NISTiprpy/2017--Wang-P--TWIP--LAMMPS--ipr1/Fe.eam.fs'],NISTiprpy,2017--Wang-P--TWIP--LAMMPS--ipr1,['Fe']
178,"['pair_style meam/c\n', 'pair_coeff * * library.Ni.meam Ni NISTiprpy/Ni.meam Ni\n']","['NISTiprpy/2015--Asadi-E--Ni--LAMMPS--ipr1/library.Ni.meam', 'NISTiprpy/2015--Asadi-E--Ni--LAMMPS--ipr1/Ni.meam']",NISTiprpy,2015--Asadi-E--Ni--LAMMPS--ipr1,['Ni']
179,"['pair_style eam/alloy\n', 'pair_coeff * * Pb.set Pb\n']",['NISTiprpy/2004--Zhou-X-W--Pb--LAMMPS--ipr1/Pb.set'],NISTiprpy,2004--Zhou-X-W--Pb--LAMMPS--ipr1,['Pb']
180,"['pair_style eam/alloy\n', 'pair_coeff * * Al99.eam.alloy Al\n']",['NISTiprpy/1999--Mishin-Y--Al--LAMMPS--ipr1/Al99.eam.alloy'],NISTiprpy,1999--Mishin-Y--Al--LAMMPS--ipr1,['Al']
181,"['pair_style meam/spline\n', 'pair_coeff * * Park_MEAM_Mo_2012.spline Mo\n']",['NISTiprpy/2012--Park-H--Mo--LAMMPS--ipr1/Park_MEAM_Mo_2012.spline'],NISTiprpy,2012--Park-H--Mo--LAMMPS--ipr1,['Mo']
182,"['pair_style eam/fs\n', 'pair_coeff * * CuZr_3.eam.fs Cu Zr\n']",['NISTiprpy/2016--Borovikov-V--Cu-Zr--LAMMPS--ipr1/CuZr_3.eam.fs'],NISTiprpy,2016--Borovikov-V--Cu-Zr--LAMMPS--ipr1,"['Cu', 'Zr']"
183,"['pair_style eam/alloy\n', 'pair_coeff * * Pb_Zhou04.eam.alloy Pb\n']",['NISTiprpy/2004--Zhou-X-W--Pb--LAMMPS--ipr2/Pb_Zhou04.eam.alloy'],NISTiprpy,2004--Zhou-X-W--Pb--LAMMPS--ipr2,['Pb']
184,"['pair_style eam/alloy\n', 'pair_coeff * * TaCu_Zhou04.eam.alloy Ta Cu\n']",['NISTiprpy/2004--Zhou-X-W--Ta-Cu--LAMMPS--ipr2/TaCu_Zhou04.eam.alloy'],NISTiprpy,2004--Zhou-X-W--Ta-Cu--LAMMPS--ipr2,"['Ta', 'Cu']"
185,"['pair_style eam/alloy\n', 'pair_coeff * * Co_Zhou04.eam.alloy Co\n']",['NISTiprpy/2004--Zhou-X-W--Co--LAMMPS--ipr2/Co_Zhou04.eam.alloy'],NISTiprpy,2004--Zhou-X-W--Co--LAMMPS--ipr2,['Co']
186,"['pair_style eam/alloy\n', 'pair_coeff * * Mo.set Mo\n']",['NISTiprpy/2004--Zhou-X-W--Mo--LAMMPS--ipr1/Mo.set'],NISTiprpy,2004--Zhou-X-W--Mo--LAMMPS--ipr1,['Mo']
187,"['pair_style eam/alloy\n', 'pair_coeff * * Zr.set Zr\n']",['NISTiprpy/2004--Zhou-X-W--Zr--LAMMPS--ipr1/Zr.set'],NISTiprpy,2004--Zhou-X-W--Zr--LAMMPS--ipr1,['Zr']
188,"['pair_style eam/fs\n', 'pair_coeff * * Ni.set Ni\n']",['NISTiprpy/2004--Zhou-X-W--Ni--LAMMPS--ipr1/Ni.set'],NISTiprpy,2004--Zhou-X-W--Ni--LAMMPS--ipr1,['Ni']
189,"['pair_style hybrid/overlay eam/alloy eam/fs\n', 'pair_coeff * * eam/alloy FeCr_d.eam.alloy Fe Cr\n', 'pair_coeff * * eam/fs FeCr_s.eam.fs Fe Cr\n']","['NISTiprpy/2011--Bonny-G--Fe-Cr--LAMMPS--ipr1/FeCr_s.eam.fs', 'NISTiprpy/2011--Bonny-G--Fe-Cr--LAMMPS--ipr1/READ_ME.txt', 'NISTiprpy/2011--Bonny-G--Fe-Cr--LAMMPS--ipr1/FeCr_d.eam.alloy']",NISTiprpy,2011--Bonny-G--Fe-Cr--LAMMPS--ipr1,"['Fe', 'Cr']"
190,"['pair_style eam/alloy\n', 'pair_coeff * * Cu01.eam.alloy Cu\n']",['NISTiprpy/2001--Mishin-Y--Cu-1--LAMMPS--ipr1/Cu01.eam.alloy'],NISTiprpy,2001--Mishin-Y--Cu-1--LAMMPS--ipr1,['Cu']
191,"['pair_style eam/alloy\n', 'pair_coeff * * Fe_Zhou04.eam.alloy Fe\n']",['NISTiprpy/2004--Zhou-X-W--Fe--LAMMPS--ipr2/Fe_Zhou04.eam.alloy'],NISTiprpy,2004--Zhou-X-W--Fe--LAMMPS--ipr2,['Fe']
192,"['pair_style eam/alloy\n', 'pair_coeff * * w_eam2.fs W\n']",['NISTiprpy/2013--Marinica-M-C--W-2--LAMMPS--ipr1/w_eam2.fs'],NISTiprpy,2013--Marinica-M-C--W-2--LAMMPS--ipr1,['W']
193,"['pair_style eam/fs\n', 'pair_coeff * * Cu1_v2.eam.fs Cu\n']",['NISTiprpy/1987--Ackland-G-J--Cu--LAMMPS--ipr2/Cu1_v2.eam.fs'],NISTiprpy,1987--Ackland-G-J--Cu--LAMMPS--ipr2,['Cu']
194,"['pair_style eam/alloy\n', 'pair_coeff * * Ta2_Ravelo_2013.eam.alloy Ta\n']",['NISTiprpy/2013--Ravelo-R--Ta-2--LAMMPS--ipr1/Ta2_Ravelo_2013.eam.alloy'],NISTiprpy,2013--Ravelo-R--Ta-2--LAMMPS--ipr1,['Ta']
195,"['pair_style reax/c NULL\n', 'pair_coeff * * ffield_Ce-O.txt Ce O\n']",['NISTiprpy/2015--Broqvist-P--Ce-O--LAMMPS--ipr1/ffield_Ce-O.txt'],NISTiprpy,2015--Broqvist-P--Ce-O--LAMMPS--ipr1,"['Ce', 'O']"
196,"['pair_style eam/fs\n', 'pair_coeff * * Al1.eam.fs Al\n']",['NISTiprpy/2008--Mendelev-M-I--Al--LAMMPS--ipr1/Al1.eam.fs'],NISTiprpy,2008--Mendelev-M-I--Al--LAMMPS--ipr1,['Al']
197,"['pair_style eam/alloy\n', 'pair_coeff * * Mishin-Ni-Al-2009.eam.alloy Ni Al\n']",['NISTiprpy/2009--Purja-Pun-G-P--Ni-Al--LAMMPS--ipr1/Mishin-Ni-Al-2009.eam.alloy'],NISTiprpy,2009--Purja-Pun-G-P--Ni-Al--LAMMPS--ipr1,"['Ni', 'Al']"
198,"['pair_style eam/alloy\n', 'pair_coeff * * TaCu.set Ta Cu\n']",['NISTiprpy/2004--Zhou-X-W--Ta-Cu--LAMMPS--ipr1/TaCu.set'],NISTiprpy,2004--Zhou-X-W--Ta-Cu--LAMMPS--ipr1,"['Ta', 'Cu']"
199,"['pair_style eam/fs\n', 'pair_coeff * * Ni-Zr_Mendelev_2014.eam.fs Ni Zr\n']",['NISTiprpy/2015--Wilson-S-R--Ni-Zr--LAMMPS--ipr1/Ni-Zr_Mendelev_2014.eam.fs'],NISTiprpy,2015--Wilson-S-R--Ni-Zr--LAMMPS--ipr1,"['Ni', 'Zr']"
200,"['pair_style eam/alloy\n', 'pair_coeff * * Co.set Co\n']",['NISTiprpy/2004--Zhou-X-W--Co--LAMMPS--ipr1/Co.set'],NISTiprpy,2004--Zhou-X-W--Co--LAMMPS--ipr1,['Co']
201,"['pair_style eam/alloy\n', 'pair_coeff * * FeNiCr.eam.alloy Fe Ni Cr\n']",['NISTiprpy/2011--Bonny-G--Fe-Ni-Cr--LAMMPS--ipr1/FeNiCr.eam.alloy'],NISTiprpy,2011--Bonny-G--Fe-Ni-Cr--LAMMPS--ipr1,"['Fe', 'Ni', 'Cr']"
202,"['pair_style meam/c\n', 'pair_coeff * * Jelinek_2012_meamf AlS SiS MgS CuS FeS NISTiprpy/Jelinek_2012_meam.alsimgcufe AlS SiS MgS CuS FeS\n']","['NISTiprpy/2012--Jelinek-B--Al-Si-Mg-Cu-Fe--LAMMPS--ipr1/Jelinek_2012_meamf', 'NISTiprpy/2012--Jelinek-B--Al-Si-Mg-Cu-Fe--LAMMPS--ipr1/Jelinek_2012_meam.alsimgcufe']",NISTiprpy,2012--Jelinek-B--Al-Si-Mg-Cu-Fe--LAMMPS--ipr1,"['AlS', 'SiS', 'MgS', 'CuS', 'FeS']"
203,"['pair_style eam/fs\n', 'pair_coeff * * Mg1.eam.fs Mg\n']",['NISTiprpy/2016--Wilson-S-R--Mg--LAMMPS--ipr1/Mg1.eam.fs'],NISTiprpy,2016--Wilson-S-R--Mg--LAMMPS--ipr1,['Mg']
204,"['pair_style adp\n', 'pair_coeff * * Zr_Nb.adp.txt Zr Nb\n']",['NISTiprpy/2017--Smirnova-D-E--Zr-Nb--LAMMPS--ipr1/Zr_Nb.adp.txt'],NISTiprpy,2017--Smirnova-D-E--Zr-Nb--LAMMPS--ipr1,"['Zr', 'Nb']"
205,"['pair_style eam\n', 'pair_coeff 1 1 auu6.txt\n']",['NISTiprpy/1989--Adams-J-B--Au--LAMMPS--ipr1/auu6.txt'],NISTiprpy,1989--Adams-J-B--Au--LAMMPS--ipr1,['Au']
206,"['pair_style eam/alloy\n', 'pair_coeff * * Au-2009.eam.alloy Au\n']",['NISTiprpy/2009--Zhakhovskii-V-V--Au--LAMMPS--ipr1/Au-2009.eam.alloy'],NISTiprpy,2009--Zhakhovskii-V-V--Au--LAMMPS--ipr1,['Au']
207,"['pair_style eam/alloy\n', 'pair_coeff * * Mishin_updated-Ni-Co-2013.eam.alloy Ni Co\n']",['NISTiprpy/2015--Purja-Pun-G-P--Ni-Co--LAMMPS--ipr2/Mishin_updated-Ni-Co-2013.eam.alloy'],NISTiprpy,2015--Purja-Pun-G-P--Ni-Co--LAMMPS--ipr2,"['Ni', 'Co']"
208,"['pair_style eam/alloy\n', 'pair_coeff * * MCM2011_eam.fs Fe\n']",['NISTiprpy/2012--Proville-L--Fe--LAMMPS--ipr1/MCM2011_eam.fs'],NISTiprpy,2012--Proville-L--Fe--LAMMPS--ipr1,['Fe']
209,"['pair_style eam/alloy\n', 'pair_coeff * * Ta_Zhou04.eam.alloy Ta\n']",['NISTiprpy/2004--Zhou-X-W--Ta--LAMMPS--ipr2/Ta_Zhou04.eam.alloy'],NISTiprpy,2004--Zhou-X-W--Ta--LAMMPS--ipr2,['Ta']
210,"['pair_style eam/alloy\n', 'pair_coeff * * Au_GLJ10_3.eam.alloy Au\n']",['NISTiprpy/2017--Purja-Pun-G-P--Au--LAMMPS--ipr1/Au_GLJ10_3.eam.alloy'],NISTiprpy,2017--Purja-Pun-G-P--Au--LAMMPS--ipr1,['Au']
211,"['pair_style eam/fs\n', 'pair_coeff * * Zr_1.eam.fs Zr\n']",['NISTiprpy/2007--Mendelev-M-I--Zr-1--LAMMPS--ipr1/Zr_1.eam.fs'],NISTiprpy,2007--Mendelev-M-I--Zr-1--LAMMPS--ipr1,['Zr']
212,"['pair_style eam/alloy\n', 'pair_coeff * * NiAl.eam.alloy Ni Al\n']",['NISTiprpy/2004--Mishin-Y--Ni-Al--LAMMPS--ipr1/NiAl.eam.alloy'],NISTiprpy,2004--Mishin-Y--Ni-Al--LAMMPS--ipr1,"['Ni', 'Al']"
213,"['pair_style eam/fs\n', 'pair_coeff * * Ni-Zr_Mendelev_2012.eam.fs Ni Zr\n']",['NISTiprpy/2012--Mendelev-M-I--Ni-Zr--LAMMPS--ipr1/Ni-Zr_Mendelev_2012.eam.fs'],NISTiprpy,2012--Mendelev-M-I--Ni-Zr--LAMMPS--ipr1,"['Ni', 'Zr']"
214,"['pair_style eam/alloy\n', 'pair_coeff * * W.set W\n']",['NISTiprpy/2004--Zhou-X-W--W--LAMMPS--ipr1/W.set'],NISTiprpy,2004--Zhou-X-W--W--LAMMPS--ipr1,['W']
215,"['pair_style meam/c\n', 'pair_coeff * * library.meam Ni Ti NISTiprpy/NiTi.meam Ni Ti\n']","['NISTiprpy/2015--Ko-W-S--Ni-Ti--LAMMPS--ipr2/library.meam', 'NISTiprpy/2015--Ko-W-S--Ni-Ti--LAMMPS--ipr2/NiTi.meam']",NISTiprpy,2015--Ko-W-S--Ni-Ti--LAMMPS--ipr2,"['Ni', 'Ti']"
216,"['pair_style eam/alloy\n', 'pair_coeff * * Al-LEA.eam.alloy Al\n']",['NISTiprpy/2004--Liu-X-Y--Al--LAMMPS--ipr1/Al-LEA.eam.alloy'],NISTiprpy,2004--Liu-X-Y--Al--LAMMPS--ipr1,['Al']
217,"['pair_style meam/c\n', 'pair_coeff * * FeTiClibrary.meam Fe Ti C NISTiprpy/FeTiC.meam Fe Ti C\n']","['NISTiprpy/2009--Kim-H-K--Fe-Ti-C--LAMMPS--ipr1/FeTiC.meam', 'NISTiprpy/2009--Kim-H-K--Fe-Ti-C--LAMMPS--ipr1/FeTiClibrary.meam']",NISTiprpy,2009--Kim-H-K--Fe-Ti-C--LAMMPS--ipr1,"['Fe', 'Ti', 'C']"
218,"['pair_style eam/alloy\n', 'pair_coeff * * pbcu.setfl Cu Pb\n']",['NISTiprpy/2003--Hoyt-J-J--Cu-Pb--LAMMPS--ipr1/pbcu.setfl'],NISTiprpy,2003--Hoyt-J-J--Cu-Pb--LAMMPS--ipr1,"['Cu', 'Pb']"
219,"['pair_style eam/fs\n', 'pair_coeff * * Ni.eam.fs Ni\n']",['NISTiprpy/1987--Ackland-G-J--Ni--LAMMPS--ipr1/Ni.eam.fs'],NISTiprpy,1987--Ackland-G-J--Ni--LAMMPS--ipr1,['Ni']
220,"['pair_style vashishta\n', 'pair_coeff * * SiO.1990.vashishta Si O\n']",['NISTiprpy/1990--Vashishta-P--Si-O--LAMMPS--ipr1/SiO.1990.vashishta'],NISTiprpy,1990--Vashishta-P--Si-O--LAMMPS--ipr1,"['Si', 'O']"
221,"['pair_style sw\n', 'pair_coeff * * CdTe.sw Cd Te\n']",['NISTiprpy/1989--Wang-Z-Q--Cd-Te--LAMMPS--ipr1/CdTe.sw'],NISTiprpy,1989--Wang-Z-Q--Cd-Te--LAMMPS--ipr1,"['Cd', 'Te']"
222,"['pair_style eam/alloy\n', 'pair_coeff * * mo.fs.eam.alloy Mo\n']",['NISTiprpy/1987--Ackland-G-J--Mo--LAMMPS--ipr2/mo.fs.eam.alloy'],NISTiprpy,1987--Ackland-G-J--Mo--LAMMPS--ipr2,['Mo']
223,"['pair_style adp\n', 'pair_coeff * * Ta.adp.txt Ta\n']",['NISTiprpy/2015--Purja-Pun-G-P--Ta--LAMMPS--ipr1/Ta.adp.txt'],NISTiprpy,2015--Purja-Pun-G-P--Ta--LAMMPS--ipr1,['Ta']
224,"['pair_style lcbop\n', 'pair_coeff * * C.lcbop C\n']",['NISTiprpy/2003--Los-J-H--C--LAMMPS--ipr1/C.lcbop'],NISTiprpy,2003--Los-J-H--C--LAMMPS--ipr1,['C']
225,"['pair_style tersoff/zbl\n', 'pair_coeff * * Fe-O.tersoff.zbl Fe O\n']",['NISTiprpy/2019--Byggmastar-J--Fe-O--LAMMPS--ipr1/Fe-O.tersoff.zbl'],NISTiprpy,2019--Byggmastar-J--Fe-O--LAMMPS--ipr1,"['Fe', 'O']"
226,"['pair_style eam\n', 'pair_coeff 1 1 Ni_u3.eam\n']",['NISTiprpy/1986--Foiles-S-M--Ni--LAMMPS--ipr1/Ni_u3.eam'],NISTiprpy,1986--Foiles-S-M--Ni--LAMMPS--ipr1,['Ni']
227,"['pair_style tersoff\n', 'pair_coeff * * 2003_GaN.tersoff Ga N\n']",['NISTiprpy/2003--Nord-J--Ga-N--LAMMPS--ipr1/2003_GaN.tersoff'],NISTiprpy,2003--Nord-J--Ga-N--LAMMPS--ipr1,"['Ga', 'N']"
228,"['pair_style tersoff\n', 'pair_coeff * * 1988_Si(C).tersoff Si\n']",['NISTiprpy/1988--Tersoff-J--Si-c--LAMMPS--ipr1/1988_Si(C).tersoff'],NISTiprpy,1988--Tersoff-J--Si-c--LAMMPS--ipr1,['Si']
229,"['pair_style tersoff\n', 'pair_coeff * * 1988_Si(B).tersoff Si\n']",['NISTiprpy/1988--Tersoff-J--Si-b--LAMMPS--ipr1/1988_Si(B).tersoff'],NISTiprpy,1988--Tersoff-J--Si-b--LAMMPS--ipr1,['Si']
230,"['pair_style bop\n', 'pair_coeff * * CCu_v2.bop.table C\n']",['NISTiprpy/2015--Zhou-X-W--C--LAMMPS--ipr1/CCu_v2.bop.table'],NISTiprpy,2015--Zhou-X-W--C--LAMMPS--ipr1,['C']
231,"['pair_style adp\n', 'pair_coeff * * Si_Au.mod.adp.txt Si Au\n']",['NISTiprpy/2018--Starikov-S-V--Si-Au--LAMMPS--ipr2/Si_Au.mod.adp.txt'],NISTiprpy,2018--Starikov-S-V--Si-Au--LAMMPS--ipr2,"['Si', 'Au']"
232,"['pair_style tersoff\n', 'pair_coeff * * 2005_SiC_I.tersoff Si C\n']",['NISTiprpy/2005--Erhart-P--Si-C-I--LAMMPS--ipr1/2005_SiC_I.tersoff'],NISTiprpy,2005--Erhart-P--Si-C-I--LAMMPS--ipr1,"['Si', 'C']"
233,"['pair_style tersoff\n', 'pair_coeff * * Ge.tersoff Ge\n']",['NISTiprpy/2017--Mahdizadeh-S-J--Ge--LAMMPS--ipr1/Ge.tersoff'],NISTiprpy,2017--Mahdizadeh-S-J--Ge--LAMMPS--ipr1,['Ge']
234,"['pair_style tersoff\n', 'pair_coeff * * 1990_SiC.tersoff Si C\n']",['NISTiprpy/1990--Tersoff-J--Si-C--LAMMPS--ipr1/1990_SiC.tersoff'],NISTiprpy,1990--Tersoff-J--Si-C--LAMMPS--ipr1,"['Si', 'C']"
235,"['pair_style eam/alloy\n', 'pair_coeff * * WRe_Setyawan_set145.eam.alloy W Re\n']",['NISTiprpy/2018--Setyawan-W--W-Re--LAMMPS--ipr1/WRe_Setyawan_set145.eam.alloy'],NISTiprpy,2018--Setyawan-W--W-Re--LAMMPS--ipr1,"['W', 'Re']"
236,"['pair_style eam/alloy\n', 'pair_coeff * * Fe_Olsson_CMS2009.eam.alloy Fe\n']",['NISTiprpy/2009--Olsson-P-A-T--Fe--LAMMPS--ipr1/Fe_Olsson_CMS2009.eam.alloy'],NISTiprpy,2009--Olsson-P-A-T--Fe--LAMMPS--ipr1,['Fe']
237,"['pair_style eam/alloy\n', 'pair_coeff * * CuNi_v2.eam.alloy Cu Ni\n']",['NISTiprpy/2013--Onat-B--Cu-Ni--LAMMPS--ipr2/CuNi_v2.eam.alloy'],NISTiprpy,2013--Onat-B--Cu-Ni--LAMMPS--ipr2,"['Cu', 'Ni']"
238,"['pair_style eim\n', 'pair_coeff * * Li Na K Rb Cs F Cl Br I ffield.eim Li Na K Rb Cs F Cl Br I\n']",['NISTiprpy/2011--Zhou-X-W--Li-Na-K-Rb-Cs-F-Cl-Br-I--LAMMPS--ipr1/ffield.eim'],NISTiprpy,2011--Zhou-X-W--Li-Na-K-Rb-Cs-F-Cl-Br-I--LAMMPS--ipr1,"['Li', 'Na', 'K', 'Rb', 'Cs', 'F', 'Cl', 'Br', 'I']"
239,"['pair_style sw\n', 'pair_coeff * * GaN.sw Ga N\n']",['NISTiprpy/2006--Bere-A--Ga-N--LAMMPS--ipr1/GaN.sw'],NISTiprpy,2006--Bere-A--Ga-N--LAMMPS--ipr1,"['Ga', 'N']"
240,"['pair_style eam/fs\n', 'pair_coeff * * Ag-Ni.eam.fs Ag Ni\n']",['NISTiprpy/2018--Pan-Z--Ag-Ni--LAMMPS--ipr1/Ag-Ni.eam.fs'],NISTiprpy,2018--Pan-Z--Ag-Ni--LAMMPS--ipr1,"['Ag', 'Ni']"
241,"['pair_style extep\n', 'pair_coeff * * BN.extep B N\n']",['NISTiprpy/2017--Los-J-H--B-N--LAMMPS--ipr1/BN.extep'],NISTiprpy,2017--Los-J-H--B-N--LAMMPS--ipr1,"['B', 'N']"
242,"['pair_style adp\n', 'pair_coeff * * CuTa_LJ15_2014.adp.txt Cu Ta\n']",['NISTiprpy/2015--Purja-Pun-G-P--Cu-Ta--LAMMPS--ipr2/CuTa_LJ15_2014.adp.txt'],NISTiprpy,2015--Purja-Pun-G-P--Cu-Ta--LAMMPS--ipr2,"['Cu', 'Ta']"
243,"['pair_style bop\n', 'pair_coeff * * AlCu.bop.table Al Cu\n']",['NISTiprpy/2016--Zhou-X-W--Al-Cu--LAMMPS--ipr1/AlCu.bop.table'],NISTiprpy,2016--Zhou-X-W--Al-Cu--LAMMPS--ipr1,"['Al', 'Cu']"
244,"['pair_style meam/spline\n', 'pair_coeff * * Ti.meam.spline Ti\n']",['NISTiprpy/2008--Hennig-R-G--Ti--LAMMPS--ipr1/Ti.meam.spline'],NISTiprpy,2008--Hennig-R-G--Ti--LAMMPS--ipr1,['Ti']
245,"['pair_style eam/alloy\n', 'pair_coeff * * FeNiCrCoCu-heamix.eam.alloy Fe Ni Cr Co Cu\n']",['NISTiprpy/2018--Farkas-D--Fe-Ni-Cr-Co-Cu--LAMMPS--ipr1/FeNiCrCoCu-heamix.eam.alloy'],NISTiprpy,2018--Farkas-D--Fe-Ni-Cr-Co-Cu--LAMMPS--ipr1,"['Fe', 'Ni', 'Cr', 'Co', 'Cu']"
246,"['pair_style vashishta\n', 'pair_coeff * * SiC.vashishta Si C\n']",['NISTiprpy/2007--Vashishta-P--Si-C--LAMMPS--ipr1/SiC.vashishta'],NISTiprpy,2007--Vashishta-P--Si-C--LAMMPS--ipr1,"['Si', 'C']"
247,"['pair_style edip\n', 'pair_coeff * * Si.edip Si\n']",['NISTiprpy/1998--Justo-J-F--Si--LAMMPS--ipr1/Si.edip'],NISTiprpy,1998--Justo-J-F--Si--LAMMPS--ipr1,['Si']
248,"['pair_style tersoff/mod\n', 'pair_coeff * * Si.tersoff.mod Si\n']",['NISTiprpy/2007--Kumagai-T--Si--LAMMPS--ipr1/Si.tersoff.mod'],NISTiprpy,2007--Kumagai-T--Si--LAMMPS--ipr1,['Si']
249,"['pair_style eam/alloy\n', 'pair_coeff * * CuNi.eam.alloy Cu Ni\n']",['NISTiprpy/2013--Onat-B--Cu-Ni--LAMMPS--ipr1/CuNi.eam.alloy'],NISTiprpy,2013--Onat-B--Cu-Ni--LAMMPS--ipr1,"['Cu', 'Ni']"
250,"['pair_style eam/alloy\n', 'pair_coeff * * V_Olsson_CMS2009.eam.alloy V\n']",['NISTiprpy/2009--Olsson-P-A-T--V--LAMMPS--ipr1/V_Olsson_CMS2009.eam.alloy'],NISTiprpy,2009--Olsson-P-A-T--V--LAMMPS--ipr1,['V']
251,"['pair_style eam\n', 'pair_coeff 1 1 Pd_u3.eam\n']",['NISTiprpy/1986--Foiles-S-M--Pd--LAMMPS--ipr1/Pd_u3.eam'],NISTiprpy,1986--Foiles-S-M--Pd--LAMMPS--ipr1,['Pd']
252,"['pair_style vashishta\n', 'pair_coeff * * InP.vashishta In P\n']",['NISTiprpy/2009--Branicio-P-S--In-P--LAMMPS--ipr1/InP.vashishta'],NISTiprpy,2009--Branicio-P-S--In-P--LAMMPS--ipr1,"['In', 'P']"
253,"['pair_style eam/alloy\n', 'pair_coeff * * FeNiCrCoCu-heafixed.setfl Fe Ni Cr Co Cu\n']",['NISTiprpy/2018--Farkas-D--Fe-Ni-Cr-Co-Cu--LAMMPS--ipr2/FeNiCrCoCu-heafixed.setfl'],NISTiprpy,2018--Farkas-D--Fe-Ni-Cr-Co-Cu--LAMMPS--ipr2,"['Fe', 'Ni', 'Cr', 'Co', 'Cu']"
254,"['pair_style agni\n', 'pair_coeff * * Al_jpc.agni Al\n']",['NISTiprpy/2017--Botu-V--Al--LAMMPS--ipr1/Al_jpc.agni'],NISTiprpy,2017--Botu-V--Al--LAMMPS--ipr1,['Al']
255,"['pair_style bop\n', 'pair_coeff * * GaAs.bop.table Ga As\n']",['NISTiprpy/2006--Murdick-D-A--Ga-As--LAMMPS--ipr1/GaAs.bop.table'],NISTiprpy,2006--Murdick-D-A--Ga-As--LAMMPS--ipr1,"['Ga', 'As']"
256,"['pair_style adp\n', 'pair_coeff * * AlCu.adp Al Cu\n']",['NISTiprpy/2011--Apostol-F--Al-Cu--LAMMPS--ipr1/AlCu.adp'],NISTiprpy,2011--Apostol-F--Al-Cu--LAMMPS--ipr1,"['Al', 'Cu']"
257,"['pair_style eam\n', 'pair_coeff 1 1 Pt_u3.eam\n']",['NISTiprpy/1986--Foiles-S-M--Pt--LAMMPS--ipr1/Pt_u3.eam'],NISTiprpy,1986--Foiles-S-M--Pt--LAMMPS--ipr1,['Pt']
258,"['pair_style agni\n', 'pair_coeff * * Al_prb.agni Al\n']",['NISTiprpy/2015--Botu-V--Al--LAMMPS--ipr1/Al_prb.agni'],NISTiprpy,2015--Botu-V--Al--LAMMPS--ipr1,['Al']
259,"['pair_style eam/alloy\n', 'pair_coeff * * W_Olsson_CMS2009.eam.alloy W\n']",['NISTiprpy/2009--Olsson-P-A-T--W--LAMMPS--ipr1/W_Olsson_CMS2009.eam.alloy'],NISTiprpy,2009--Olsson-P-A-T--W--LAMMPS--ipr1,['W']
260,"['pair_style bop\n', 'pair_coeff * * CCu_v2.bop.table C Cu\n']",['NISTiprpy/2015--Zhou-X-W--C-Cu--LAMMPS--ipr1/CCu_v2.bop.table'],NISTiprpy,2015--Zhou-X-W--C-Cu--LAMMPS--ipr1,"['C', 'Cu']"
261,"['pair_style meam/spline\n', 'pair_coeff * * Si_1.meam.spline Si\n']",['NISTiprpy/2000--Lenosky-T-J--Si--LAMMPS--ipr1/Si_1.meam.spline'],NISTiprpy,2000--Lenosky-T-J--Si--LAMMPS--ipr1,['Si']
262,"['pair_style bop\n', 'pair_coeff * * CdZnTe_v1.bop.table Cd Te Zn\n']",['NISTiprpy/2012--Ward-D-K--Cd-Te-Zn--LAMMPS--ipr1/CdZnTe_v1.bop.table'],NISTiprpy,2012--Ward-D-K--Cd-Te-Zn--LAMMPS--ipr1,"['Cd', 'Te', 'Zn']"
263,"['pair_style tersoff\n', 'pair_coeff * * 1989_SiGe.tersoff Si Ge\n']",['NISTiprpy/1989--Tersoff-J--Si-Ge--LAMMPS--ipr1/1989_SiGe.tersoff'],NISTiprpy,1989--Tersoff-J--Si-Ge--LAMMPS--ipr1,"['Si', 'Ge']"
264,"['pair_style eam\n', 'pair_coeff 1 1 Au_u3.eam\n']",['NISTiprpy/1986--Foiles-S-M--Au--LAMMPS--ipr1/Au_u3.eam'],NISTiprpy,1986--Foiles-S-M--Au--LAMMPS--ipr1,['Au']
265,"['pair_style eam\n', 'pair_coeff 1 1 Ag_u3.eam\n']",['NISTiprpy/1986--Foiles-S-M--Ag--LAMMPS--ipr1/Ag_u3.eam'],NISTiprpy,1986--Foiles-S-M--Ag--LAMMPS--ipr1,['Ag']
266,"['pair_style comb3 polar_off\n', 'pair_coeff * * ffield.comb3.NiAlO Al\n']",['NISTiprpy/2015--Choudhary-K--Al--LAMMPS--ipr1/ffield.comb3.NiAlO'],NISTiprpy,2015--Choudhary-K--Al--LAMMPS--ipr1,['Al']
267,"['pair_style bop\n', 'pair_coeff * * AlCuH_Dec3.t Al Cu H\n']",['NISTiprpy/2018--Zhou-X-W--Al-Cu-H--LAMMPS--ipr1/AlCuH_Dec3.t'],NISTiprpy,2018--Zhou-X-W--Al-Cu-H--LAMMPS--ipr1,"['Al', 'Cu', 'H']"
268,"['pair_style eam/cd\n', 'pair_coeff * * FeCr.cdeam Fe Cr\n']",['NISTiprpy/2009--Stukowski-A--Fe-Cr--LAMMPS--ipr1/FeCr.cdeam'],NISTiprpy,2009--Stukowski-A--Fe-Cr--LAMMPS--ipr1,"['Fe', 'Cr']"
269,"['pair_style sw\n', 'pair_coeff * * Si.sw Si\n']",['NISTiprpy/1985--Stillinger-F-H--Si--LAMMPS--ipr1/Si.sw'],NISTiprpy,1985--Stillinger-F-H--Si--LAMMPS--ipr1,['Si']
270,"['pair_style bop\n', 'pair_coeff * * CuH.bop.table Cu H\n']",['NISTiprpy/2015--Zhou-X-W--Cu-H--LAMMPS--ipr1/CuH.bop.table'],NISTiprpy,2015--Zhou-X-W--Cu-H--LAMMPS--ipr1,"['Cu', 'H']"
271,"['pair_style hybrid/overlay eam/alloy eam/fs\n', 'pair_coeff * * eam/alloy FeCrW_d.eam.alloy Fe Cr W\n', 'pair_coeff * * eam/fs FeCrW_s.eam.fs Fe Cr W\n']","['NISTiprpy/2013--Bonny-G--Fe-Cr-W--LAMMPS--ipr1/FeCrW_s.eam.fs', 'NISTiprpy/2013--Bonny-G--Fe-Cr-W--LAMMPS--ipr1/READ_ME.txt', 'NISTiprpy/2013--Bonny-G--Fe-Cr-W--LAMMPS--ipr1/FeCrW_d.eam.alloy']",NISTiprpy,2013--Bonny-G--Fe-Cr-W--LAMMPS--ipr1,"['Fe', 'Cr', 'W']"
272,"['pair_style eam/alloy\n', 'pair_coeff * * FeNiCr.t Fe Ni Cr\n']",['NISTiprpy/2018--Zhou-X-W--Fe-Ni-Cr--LAMMPS--ipr1/FeNiCr.t'],NISTiprpy,2018--Zhou-X-W--Fe-Ni-Cr--LAMMPS--ipr1,"['Fe', 'Ni', 'Cr']"
273,"['pair_style comb3 polar_off\n', 'pair_coeff * * ffield.comb3.NiAlO Al Ni O\n']",['NISTiprpy/2015--Kumar-A--Al-Ni-O--LAMMPS--ipr1/ffield.comb3.NiAlO'],NISTiprpy,2015--Kumar-A--Al-Ni-O--LAMMPS--ipr1,"['Al', 'Ni', 'O']"
274,"['pair_style tersoff/zbl\n', 'pair_coeff * * SiC.tersoff.zbl Si C\n']",['NISTiprpy/1998--Devanathan-R--Si-C--LAMMPS--ipr1/SiC.tersoff.zbl'],NISTiprpy,1998--Devanathan-R--Si-C--LAMMPS--ipr1,"['Si', 'C']"
275,"['pair_style meam/c\n', 'pair_coeff * * library.meam Sn NISTiprpy/Sn.meam Sn\n']","['NISTiprpy/2018--Ko-W-S--Sn--LAMMPS--ipr1/Sn.meam', 'NISTiprpy/2018--Ko-W-S--Sn--LAMMPS--ipr1/library.meam']",NISTiprpy,2018--Ko-W-S--Sn--LAMMPS--ipr1,['Sn']
276,"['pair_style eam/alloy\n', 'pair_coeff * * Fe_Fe.CS3_33.alloy Fe\n']",['NISTiprpy/2011--Chiesa-S--Fe-33--LAMMPS--ipr1/Fe_Fe.CS3_33.alloy'],NISTiprpy,2011--Chiesa-S--Fe-33--LAMMPS--ipr1,['Fe']
277,"['pair_style tersoff\n', 'pair_coeff * * 2005_SiC_II.tersoff Si C\n']",['NISTiprpy/2005--Erhart-P--Si-C-II--LAMMPS--ipr1/2005_SiC_II.tersoff'],NISTiprpy,2005--Erhart-P--Si-C-II--LAMMPS--ipr1,"['Si', 'C']"
278,"['pair_style bop\n', 'pair_coeff * * CdTeSe.bop.table Cd Te Se\n']",['NISTiprpy/2014--Zhou-X-W--Cd-Te-Se--LAMMPS--ipr1/CdTeSe.bop.table'],NISTiprpy,2014--Zhou-X-W--Cd-Te-Se--LAMMPS--ipr1,"['Cd', 'Te', 'Se']"
279,"['pair_style tersoff/mod/c\n', 'pair_coeff * * Si.tersoff.modc Si\n']",['NISTiprpy/2017--Purja-Pun-G-P--Si--LAMMPS--ipr1/Si.tersoff.modc'],NISTiprpy,2017--Purja-Pun-G-P--Si--LAMMPS--ipr1,['Si']
280,"['pair_style adp\n', 'pair_coeff * * Cr.adp.txt Cr\n']",['NISTiprpy/2018--Howells-C-A--Cr--LAMMPS--ipr1/Cr.adp.txt'],NISTiprpy,2018--Howells-C-A--Cr--LAMMPS--ipr1,['Cr']
281,"['pair_style eam\n', 'pair_coeff 1 1 agu6.txt\n', 'pair_coeff 2 2 NISTiprpy/auu6.txt\n', 'pair_coeff 3 3 NISTiprpy/cuu6.txt\n', 'pair_coeff 4 4 NISTiprpy/niu6.txt\n', 'pair_coeff 5 5 NISTiprpy/pdu6.txt\n', 'pair_coeff 6 6 NISTiprpy/ptu6.txt\n']","['NISTiprpy/1989--Adams-J-B--Ag-Au-Cu-Ni-Pd-Pt--LAMMPS--ipr1/cuu6.txt', 'NISTiprpy/1989--Adams-J-B--Ag-Au-Cu-Ni-Pd-Pt--LAMMPS--ipr1/ptu6.txt', 'NISTiprpy/1989--Adams-J-B--Ag-Au-Cu-Ni-Pd-Pt--LAMMPS--ipr1/auu6.txt', 'NISTiprpy/1989--Adams-J-B--Ag-Au-Cu-Ni-Pd-Pt--LAMMPS--ipr1/agu6.txt', 'NISTiprpy/1989--Adams-J-B--Ag-Au-Cu-Ni-Pd-Pt--LAMMPS--ipr1/pdu6.txt', 'NISTiprpy/1989--Adams-J-B--Ag-Au-Cu-Ni-Pd-Pt--LAMMPS--ipr1/niu6.txt']",NISTiprpy,1989--Adams-J-B--Ag-Au-Cu-Ni-Pd-Pt--LAMMPS--ipr1,"['Ag', 'Au', 'Cu', 'Ni', 'Pd', 'Pt']"
282,"['pair_style edip/multi\n', 'pair_coeff * * SiC.edip Si C\n']",['NISTiprpy/2012--Jiang-C--Si-C--LAMMPS--ipr1/SiC.edip'],NISTiprpy,2012--Jiang-C--Si-C--LAMMPS--ipr1,"['Si', 'C']"
283,"['pair_style tersoff\n', 'pair_coeff * * 2002_GaAs.tersoff Ga As\n']",['NISTiprpy/2002--Albe-K--Ga-As--LAMMPS--ipr1/2002_GaAs.tersoff'],NISTiprpy,2002--Albe-K--Ga-As--LAMMPS--ipr1,"['Ga', 'As']"
284,"['pair_style bop\n', 'pair_coeff * * CdTe.bop.table Cd Te\n']",['NISTiprpy/2012--Ward-D-K--Cd-Te--LAMMPS--ipr1/CdTe.bop.table'],NISTiprpy,2012--Ward-D-K--Cd-Te--LAMMPS--ipr1,"['Cd', 'Te']"
285,"['pair_style vashishta\n', 'pair_coeff * * SiO.1997.vashishta Si O\n']",['NISTiprpy/1997--Broughton-J-Q--Si-O--LAMMPS--ipr1/SiO.1997.vashishta'],NISTiprpy,1997--Broughton-J-Q--Si-O--LAMMPS--ipr1,"['Si', 'O']"
286,"['pair_style tersoff\n', 'pair_coeff * * BNC.tersoff B N C\n']",['NISTiprpy/2012--Kinaci-A--B-N-C--LAMMPS--ipr1/BNC.tersoff'],NISTiprpy,2012--Kinaci-A--B-N-C--LAMMPS--ipr1,"['B', 'N', 'C']"
287,"['pair_style tersoff\n', 'pair_coeff * * 1994_SiC.tersoff Si C\n']",['NISTiprpy/1994--Tersoff-J--Si-C--LAMMPS--ipr1/1994_SiC.tersoff'],NISTiprpy,1994--Tersoff-J--Si-C--LAMMPS--ipr1,"['Si', 'C']"
288,"['pair_style eam\n', 'pair_coeff 1 1 Ag_u3.eam\n', 'pair_coeff 2 2 Au_u3.eam\n', 'pair_coeff 3 3 Cu_u3.eam\n', 'pair_coeff 4 4 NISTiprpy/Ni_u3.eam\n', 'pair_coeff 5 5 NISTiprpy/Pd_u3.eam\n', 'pair_coeff 6 6 NISTiprpy/Pt_u3.eam\n']","['NISTiprpy/1986--Foiles-S-M--Ag-Au-Cu-Ni-Pd-Pt--LAMMPS--ipr1/Cu_u3.eam', 'NISTiprpy/1986--Foiles-S-M--Ag-Au-Cu-Ni-Pd-Pt--LAMMPS--ipr1/Ni_u3.eam', 'NISTiprpy/1986--Foiles-S-M--Ag-Au-Cu-Ni-Pd-Pt--LAMMPS--ipr1/Pt_u3.eam', 'NISTiprpy/1986--Foiles-S-M--Ag-Au-Cu-Ni-Pd-Pt--LAMMPS--ipr1/Pd_u3.eam', 'NISTiprpy/1986--Foiles-S-M--Ag-Au-Cu-Ni-Pd-Pt--LAMMPS--ipr1/Ag_u3.eam', 'NISTiprpy/1986--Foiles-S-M--Ag-Au-Cu-Ni-Pd-Pt--LAMMPS--ipr1/Au_u3.eam']",NISTiprpy,1986--Foiles-S-M--Ag-Au-Cu-Ni-Pd-Pt--LAMMPS--ipr1,"['Ag', 'Au', 'Cu', 'Ni', 'Pd', 'Pt']"
289,"['pair_style comb3 polar_off\n', 'pair_coeff * * ffield.comb3.NiAlO Al Ni\n']",['NISTiprpy/2015--Kumar-A--Al-Ni--LAMMPS--ipr1/ffield.comb3.NiAlO'],NISTiprpy,2015--Kumar-A--Al-Ni--LAMMPS--ipr1,"['Al', 'Ni']"
290,"['pair_style bop\n', 'pair_coeff * * CdZnTe_v2.bop.table Cd Te Zn\n']",['NISTiprpy/2013--Ward-D-K--Cd-Te-Zn--LAMMPS--ipr1/CdZnTe_v2.bop.table'],NISTiprpy,2013--Ward-D-K--Cd-Te-Zn--LAMMPS--ipr1,"['Cd', 'Te', 'Zn']"
291,"['pair_style tersoff\n', 'pair_coeff * * 1989_SiC.tersoff Si C\n']",['NISTiprpy/1989--Tersoff-J--Si-C--LAMMPS--ipr1/1989_SiC.tersoff'],NISTiprpy,1989--Tersoff-J--Si-C--LAMMPS--ipr1,"['Si', 'C']"
292,"['pair_style tersoff\n', 'pair_coeff * * 2007_SiO.tersoff Si O\n']",['NISTiprpy/2007--Munetoh-S--Si-O--LAMMPS--ipr1/2007_SiO.tersoff'],NISTiprpy,2007--Munetoh-S--Si-O--LAMMPS--ipr1,"['Si', 'O']"
293,"['pair_style meam/spline\n', 'pair_coeff * * Si_2.meam.spline Si\n']",['NISTiprpy/2011--Du-Y-A--Si--LAMMPS--ipr1/Si_2.meam.spline'],NISTiprpy,2011--Du-Y-A--Si--LAMMPS--ipr1,['Si']
294,"['pair_style eam/fs\n', 'pair_coeff * * FeNiCr_fs.t Fe Ni Cr\n']",['NISTiprpy/2018--Zhou-X-W--Fe-Ni-Cr--LAMMPS--ipr2/FeNiCr_fs.t'],NISTiprpy,2018--Zhou-X-W--Fe-Ni-Cr--LAMMPS--ipr2,"['Fe', 'Ni', 'Cr']"
295,"['pair_style eam/alloy\n', 'pair_coeff * * Pb_Wang02.eam.fs Pb\n']",['NISTiprpy/2018--Wang-K--Pb-II--LAMMPS--ipr1/Pb_Wang02.eam.fs'],NISTiprpy,2018--Wang-K--Pb-II--LAMMPS--ipr1,['Pb']
296,"['pair_style eam\n', 'pair_coeff 1 1 Cu_u3.eam\n']",['NISTiprpy/1986--Foiles-S-M--Cu--LAMMPS--ipr1/Cu_u3.eam'],NISTiprpy,1986--Foiles-S-M--Cu--LAMMPS--ipr1,['Cu']
297,"['pair_style adp\n', 'pair_coeff * * CrNi.adp.txt Cr Ni\n']",['NISTiprpy/2018--Howells-C-A--Cr-Ni--LAMMPS--ipr1/CrNi.adp.txt'],NISTiprpy,2018--Howells-C-A--Cr-Ni--LAMMPS--ipr1,"['Cr', 'Ni']"
298,"['pair_style vashishta\n', 'pair_coeff * * SiO.1994.vashishta Si O\n']",['NISTiprpy/1994--Nakano-A--Si-O--LAMMPS--ipr1/SiO.1994.vashishta'],NISTiprpy,1994--Nakano-A--Si-O--LAMMPS--ipr1,"['Si', 'O']"